date,weekday,visitors,0001_salesVol,0002_salesVol,0003_salesVol,0004_salesVol,0005_salesVol,0006_salesVol,0007_salesVol,0008_salesVol,0009_salesVol,0010_salesVol,date,averagetemp,lowesttemp,highesttemp
20210601,1,3006,0.0,0.0,0.0,0.0,0.0,537.0,525.0,590.0,0.0,0.0,2021-06-01,20.2,15.9,23.9
20210602,2,3179,0.0,0.0,0.0,0.0,0.0,589.0,490.0,495.0,0.0,0.0,2021-06-02,23.2,16.6,29.7
20210603,3,3502,0.0,0.0,0.0,0.0,0.0,573.0,536.0,543.0,0.0,0.0,2021-06-03,19.1,14.6,22.7
20210604,4,3702,0.0,0.0,0.0,0.0,0.0,610.0,621.0,499.0,0.0,0.0,2021-06-04,18.5,13.3,23.6
20210605,5,3566,0.0,0.0,0.0,0.0,0.0,483.0,701.0,437.0,0.0,0.0,2021-06-05,20.8,17.0,25.7
20210606,6,2837,0.0,0.0,0.0,0.0,0.0,437.0,499.0,428.0,0.0,0.0,2021-06-06,23.0,18.4,28.2
20210607,0,3422,0.0,0.0,0.0,0.0,0.0,568.0,657.0,521.0,0.0,0.0,2021-06-07,21.1,19.4,24.0
20210608,1,3546,0.0,0.0,0.0,0.0,0.0,595.0,691.0,487.0,0.0,0.0,2021-06-08,23.6,18.8,29.5
20210609,2,3558,0.0,0.0,0.0,0.0,0.0,615.0,614.0,482.0,0.0,0.0,2021-06-09,25.8,19.5,31.6
20210610,3,3754,0.0,0.0,0.0,0.0,0.0,671.0,590.0,477.0,0.0,0.0,2021-06-10,24.9,20.5,29.8
20210611,4,3114,0.0,0.0,0.0,0.0,0.0,574.0,665.0,491.0,0.0,0.0,2021-06-11,21.5,19.9,24.4
20210612,5,2482,0.0,0.0,0.0,0.0,0.0,349.0,532.0,483.0,0.0,0.0,2021-06-12,24.2,18.2,30.2
20210613,6,1932,0.0,0.0,0.0,0.0,0.0,0.0,609.0,419.0,0.0,0.0,2021-06-13,24.8,20.9,29.7
20210614,0,3281,0.0,0.0,0.0,0.0,0.0,347.0,683.0,489.0,0.0,0.0,2021-06-14,24.8,18.9,30.2
20210615,1,3290,0.0,0.0,0.0,0.0,0.0,518.0,656.0,522.0,0.0,0.0,2021-06-15,22.5,21.5,25.3
20210616,2,3552,0.0,0.0,0.0,0.0,0.0,528.0,743.0,505.0,0.0,0.0,2021-06-16,24.3,20.3,28.9
20210617,3,3916,0.0,0.0,0.0,0.0,0.0,579.0,796.0,490.0,0.0,0.0,2021-06-17,21.9,19.6,25.0
20210618,4,3932,0.0,0.0,0.0,0.0,0.0,601.0,740.0,514.0,0.0,0.0,2021-06-18,20.0,19.0,21.4
20210619,5,3395,0.0,0.0,0.0,0.0,0.0,477.0,756.0,448.0,0.0,0.0,2021-06-19,22.3,17.5,27.4
20210620,6,3065,0.0,0.0,0.0,0.0,0.0,377.0,787.0,400.0,0.0,0.0,2021-06-20,22.9,17.6,29.0
20210621,0,2682,0.0,0.0,0.0,0.0,0.0,0.0,769.0,546.0,0.0,0.0,2021-06-21,23.6,19.2,28.5
20210622,1,2874,0.0,0.0,0.0,0.0,0.0,107.0,720.0,582.0,0.0,0.0,2021-06-22,22.8,19.7,28.6
20210623,2,3636,0.0,0.0,0.0,0.0,0.0,508.0,864.0,542.0,0.0,0.0,2021-06-23,22.4,18.8,27.9
20210624,3,4052,0.0,0.0,0.0,0.0,0.0,550.0,866.0,590.0,0.0,0.0,2021-06-24,23.0,18.5,28.0
20210625,4,4348,0.0,0.0,0.0,0.0,0.0,618.0,809.0,624.0,0.0,0.0,2021-06-25,24.1,19.5,29.5
20210626,5,4109,0.0,0.0,0.0,0.0,0.0,476.0,849.0,543.0,0.0,0.0,2021-06-26,22.8,19.9,26.7
20210627,6,3789,0.0,0.0,0.0,0.0,0.0,485.0,810.0,476.0,0.0,0.0,2021-06-27,24.5,19.8,30.8
20210628,0,3600,0.0,0.0,0.0,0.0,0.0,569.0,817.0,489.0,0.0,0.0,2021-06-28,23.7,21.0,29.2
20210629,1,3880,0.0,0.0,0.0,0.0,0.0,586.0,813.0,522.0,0.0,0.0,2021-06-29,23.9,21.3,28.4
20210630,2,4256,0.0,0.0,0.0,0.0,0.0,614.0,941.0,573.0,0.0,0.0,2021-06-30,24.3,21.0,28.8
20210701,3,5084,0.0,0.0,0.0,0.0,0.0,628.0,1318.0,648.0,0.0,0.0,2021-07-01,26.3,21.4,31.0
20210702,4,4608,0.0,0.0,0.0,0.0,0.0,583.0,1006.0,585.0,0.0,0.0,2021-07-02,27.1,23.6,31.8
20210703,5,3980,0.0,0.0,0.0,0.0,0.0,455.0,894.0,511.0,0.0,0.0,2021-07-03,22.6,19.6,25.7
20210704,6,4353,0.0,0.0,0.0,0.0,0.0,441.0,1102.0,454.0,0.0,0.0,2021-07-04,21.4,19.8,23.1
20210705,0,4865,0.0,0.0,0.0,0.0,0.0,606.0,1054.0,635.0,0.0,0.0,2021-07-05,23.3,20.1,26.9
20210706,1,4580,0.0,0.0,0.0,0.0,0.0,674.0,1098.0,589.0,0.0,0.0,2021-07-06,25.3,21.0,30.1
20210707,2,4718,0.0,0.0,0.0,0.0,0.0,645.0,1020.0,648.0,0.0,0.0,2021-07-07,26.4,23.9,29.1
20210708,3,4920,0.0,0.0,0.0,0.0,0.0,664.0,1033.0,624.0,0.0,0.0,2021-07-08,26.0,23.8,29.8
20210709,4,4058,0.0,0.0,0.0,0.0,0.0,689.0,877.0,548.0,0.0,0.0,2021-07-09,25.5,23.6,29.2
20210710,5,4224,0.0,0.0,0.0,0.0,0.0,551.0,883.0,637.0,0.0,0.0,2021-07-10,25.9,23.1,29.2
20210711,6,4013,0.0,0.0,0.0,0.0,0.0,551.0,942.0,576.0,0.0,0.0,2021-07-11,25.7,24.1,27.5
20210712,0,5547,0.0,0.0,0.0,0.0,0.0,774.0,906.0,1271.0,0.0,0.0,2021-07-12,28.1,23.8,32.5
20210713,1,4444,0.0,0.0,0.0,0.0,0.0,717.0,753.0,730.0,0.0,0.0,2021-07-13,28.8,26.3,31.5
20210714,2,4409,0.0,0.0,0.0,0.0,0.0,700.0,723.0,657.0,0.0,0.0,2021-07-14,29.7,26.1,33.5
20210715,3,4257,0.0,0.0,0.0,0.0,0.0,834.0,772.0,708.0,0.0,0.0,2021-07-15,29.1,25.9,34.5
20210716,4,4153,0.0,0.0,0.0,0.0,0.0,768.0,772.0,646.0,0.0,0.0,2021-07-16,28.8,24.2,35.2
20210717,5,2998,0.0,0.0,0.0,0.0,0.0,559.0,564.0,543.0,0.0,0.0,2021-07-17,29.1,24.7,32.8
20210718,6,3602,0.0,0.0,0.0,0.0,0.0,559.0,711.0,587.0,0.0,0.0,2021-07-18,29.6,25.7,34.1
20210719,0,4543,0.0,0.0,0.0,0.0,0.0,760.0,619.0,705.0,0.0,0.0,2021-07-19,26.4,24.0,30.5
20210720,1,4639,0.0,0.0,0.0,0.0,0.0,844.0,567.0,698.0,0.0,0.0,2021-07-20,27.9,23.6,31.8
20210721,2,3979,0.0,0.0,0.0,0.0,0.0,849.0,604.0,664.0,0.0,0.0,2021-07-21,30.5,25.3,35.3
20210722,3,4229,0.0,0.0,0.0,0.0,0.0,771.0,776.0,656.0,0.0,0.0,2021-07-22,31.2,26.5,35.9
20210723,4,4482,0.0,0.0,0.0,0.0,0.0,820.0,782.0,834.0,0.0,0.0,2021-07-23,31.2,27.2,35.8
20210724,5,3940,0.0,0.0,0.0,0.0,0.0,709.0,671.0,590.0,0.0,0.0,2021-07-24,31.7,26.9,36.5
20210725,6,4140,0.0,0.0,0.0,0.0,0.0,631.0,727.0,577.0,0.0,0.0,2021-07-25,31.5,27.2,35.9
20210726,0,3902,0.0,0.0,0.0,0.0,0.0,766.0,754.0,534.0,0.0,0.0,2021-07-26,31.2,27.4,35.4
20210727,1,4373,0.0,0.0,0.0,0.0,0.0,788.0,734.0,643.0,0.0,0.0,2021-07-27,31.1,27.8,35.7
20210728,2,4620,0.0,0.0,0.0,0.0,0.0,767.0,770.0,563.0,0.0,0.0,2021-07-28,30.4,27.1,34.7
20210729,3,4551,0.0,0.0,0.0,0.0,0.0,904.0,785.0,564.0,0.0,0.0,2021-07-29,29.6,27.0,33.3
20210730,4,5354,0.0,0.0,0.0,0.0,0.0,933.0,909.0,660.0,0.0,0.0,2021-07-30,30.5,25.8,35.4
20210731,5,4399,0.0,0.0,0.0,0.0,0.0,730.0,829.0,536.0,0.0,0.0,2021-07-31,29.8,26.8,34.3
20210801,6,3663,0.0,0.0,0.0,0.0,0.0,633.0,824.0,578.0,0.0,0.0,2021-08-01,27.1,25.1,28.8
20210802,0,5050,0.0,0.0,0.0,0.0,0.0,893.0,1042.0,590.0,0.0,0.0,2021-08-02,26.5,25.0,28.6
20210803,1,5606,0.0,0.0,0.0,0.0,0.0,885.0,1109.0,578.0,0.0,0.0,2021-08-03,28.0,24.1,31.4
20210804,2,5335,0.0,0.0,0.0,0.0,0.0,914.0,967.0,544.0,0.0,0.0,2021-08-04,28.9,26.3,33.2
20210805,3,5204,0.0,0.0,0.0,0.0,0.0,893.0,986.0,576.0,0.0,0.0,2021-08-05,29.4,25.6,33.7
20210806,4,4468,0.0,0.0,0.0,0.0,0.0,888.0,854.0,515.0,0.0,0.0,2021-08-06,28.1,26.0,32.2
20210807,5,4262,0.0,0.0,0.0,0.0,0.0,717.0,868.0,525.0,0.0,0.0,2021-08-07,28.0,23.4,32.3
20210808,6,4159,0.0,0.0,0.0,0.0,0.0,698.0,995.0,496.0,0.0,0.0,2021-08-08,26.8,24.4,32.1
20210809,0,4518,0.0,0.0,0.0,0.0,0.0,850.0,1051.0,609.0,0.0,0.0,2021-08-09,28.3,23.3,33.6
20210810,1,5520,0.0,0.0,0.0,0.0,0.0,963.0,1151.0,674.0,0.0,0.0,2021-08-10,27.7,24.3,32.2
20210811,2,4653,0.0,0.0,0.0,0.0,0.0,904.0,1053.0,572.0,0.0,0.0,2021-08-11,27.4,24.1,31.6
20210812,3,4901,0.0,0.0,0.0,0.0,0.0,905.0,1025.0,571.0,0.0,0.0,2021-08-12,26.8,24.0,31.7
20210813,4,4940,0.0,0.0,0.0,0.0,0.0,892.0,1004.0,574.0,0.0,0.0,2021-08-13,26.6,23.4,30.1
20210814,5,4187,0.0,0.0,0.0,0.0,0.0,732.0,909.0,563.0,0.0,0.0,2021-08-14,26.1,23.4,30.5
20210815,6,3716,0.0,0.0,0.0,0.0,0.0,656.0,728.0,512.0,0.0,0.0,2021-08-15,26.9,21.7,32.4
20210816,0,7712,0.0,0.0,0.0,0.0,0.0,738.0,916.0,527.0,1637.0,0.0,2021-08-16,27.3,22.5,32.8
20210817,1,8856,0.0,0.0,0.0,0.0,0.0,942.0,1036.0,527.0,2415.0,0.0,2021-08-17,25.9,21.9,31.3
20210818,2,11737,0.0,0.0,0.0,0.0,0.0,1015.0,1163.0,586.0,2620.0,0.0,2021-08-18,24.3,20.6,31.0
20210819,3,10573,0.0,0.0,0.0,0.0,0.0,1038.0,1287.0,586.0,2654.0,0.0,2021-08-19,26.0,21.0,31.5
20210820,4,12484,0.0,0.0,0.0,0.0,0.0,1024.0,1474.0,600.0,3144.0,0.0,2021-08-20,26.6,22.6,30.7
20210821,5,10224,0.0,0.0,0.0,0.0,0.0,822.0,1088.0,428.0,2485.0,0.0,2021-08-21,23.8,21.0,25.5
20210822,6,9381,0.0,0.0,0.0,0.0,0.0,761.0,1137.0,410.0,2117.0,0.0,2021-08-22,24.4,22.4,27.0
20210823,0,11246,0.0,0.0,0.0,0.0,0.0,933.0,1527.0,424.0,2913.0,0.0,2021-08-23,22.4,21.0,24.0
20210824,1,12110,0.0,0.0,0.0,0.0,0.0,989.0,1398.0,413.0,2859.0,0.0,2021-08-24,23.4,21.1,26.4
20210825,2,12379,0.0,0.0,0.0,0.0,0.0,1144.0,1349.0,572.0,3251.0,0.0,2021-08-25,25.0,23.5,27.3
20210826,3,14541,0.0,0.0,0.0,0.0,0.0,1242.0,1522.0,685.0,3283.0,0.0,2021-08-26,25.5,22.9,27.9
20210827,4,13673,0.0,0.0,0.0,0.0,0.0,1086.0,1894.0,671.0,3255.0,0.0,2021-08-27,22.4,20.4,25.5
20210828,5,12504,0.0,0.0,0.0,0.0,0.0,938.0,1480.0,527.0,2739.0,0.0,2021-08-28,23.6,19.7,28.2
20210829,6,11510,0.0,0.0,0.0,0.0,0.0,938.0,1521.0,482.0,2291.0,0.0,2021-08-29,23.7,21.9,26.3
20210830,0,13746,0.0,0.0,0.0,0.0,0.0,1202.0,1771.0,551.0,3149.0,0.0,2021-08-30,24.2,21.2,27.7
20210831,1,12821,0.0,0.0,0.0,0.0,0.0,1125.0,1892.0,551.0,3555.0,0.0,2021-08-31,20.5,18.1,23.1
20210901,2,16205,0.0,0.0,0.0,0.0,0.0,1337.0,1913.0,573.0,3894.0,0.0,2021-09-01,21.4,18.5,23.9
20210902,3,13919,0.0,0.0,0.0,0.0,0.0,1105.0,1991.0,469.0,3610.0,0.0,2021-09-02,23.5,20.7,26.7
20210903,4,16463,0.0,0.0,0.0,0.0,0.0,1120.0,2048.0,665.0,3933.0,0.0,2021-09-03,24.3,20.6,29.2
20210904,5,12639,0.0,0.0,0.0,0.0,0.0,881.0,1835.0,646.0,3153.0,0.0,2021-09-04,23.2,18.5,28.6
20210905,6,12392,0.0,0.0,0.0,0.0,0.0,882.0,2130.0,656.0,2720.0,0.0,2021-09-05,23.1,19.4,27.3
20210906,0,16489,0.0,0.0,0.0,0.0,0.0,1036.0,2469.0,814.0,3533.0,0.0,2021-09-06,22.3,18.0,26.4
20210907,1,16222,0.0,0.0,0.0,0.0,0.0,987.0,2119.0,781.0,3765.0,0.0,2021-09-07,19.6,17.6,20.9
20210908,2,16213,0.0,0.0,0.0,0.0,0.0,1004.0,1792.0,759.0,4093.0,0.0,2021-09-08,22.2,19.0,26.9
20210909,3,18618,0.0,0.0,0.0,0.0,0.0,1112.0,1806.0,760.0,4785.0,0.0,2021-09-09,23.5,19.1,29.1
20210910,4,20554,0.0,0.0,0.0,0.0,0.0,1129.0,1866.0,953.0,5840.0,0.0,2021-09-10,23.6,19.5,28.9
20210911,5,16588,0.0,0.0,0.0,0.0,0.0,855.0,1667.0,872.0,4146.0,0.0,2021-09-11,24.0,19.9,29.4
20210912,6,15185,0.0,0.0,0.0,0.0,0.0,881.0,1771.0,794.0,3998.0,0.0,2021-09-12,24.2,19.2,29.8
20210913,0,24397,0.0,0.0,0.0,0.0,0.0,1210.0,1935.0,897.0,8665.0,0.0,2021-09-13,24.8,20.8,30.3
20210914,1,29189,0.0,0.0,0.0,0.0,0.0,1201.0,1851.0,952.0,10738.0,0.0,2021-09-14,24.6,20.0,29.5
20210915,2,32398,0.0,0.0,0.0,0.0,0.0,1247.0,1743.0,926.0,12784.0,0.0,2021-09-15,23.6,19.5,28.9
20210916,3,41601,0.0,0.0,0.0,0.0,0.0,1373.0,1803.0,971.0,17297.0,0.0,2021-09-16,22.9,18.0,27.3
20210917,4,51313,0.0,0.0,0.0,0.0,0.0,1747.0,1703.0,1029.0,23409.0,0.0,2021-09-17,23.5,20.5,28.2
20210918,5,37710,0.0,0.0,0.0,0.0,0.0,1464.0,1826.0,993.0,14957.0,0.0,2021-09-18,23.9,18.9,29.8
20210919,6,30513,0.0,0.0,0.0,0.0,0.0,1356.0,1675.0,866.0,10100.0,0.0,2021-09-19,23.7,20.8,27.8
20210920,0,24819,0.0,0.0,0.0,0.0,0.0,1475.0,1719.0,885.0,9265.0,0.0,2021-09-20,23.7,19.0,28.4
20210921,1,21092,0.0,0.0,0.0,0.0,0.0,1348.0,1759.0,866.0,6071.0,0.0,2021-09-21,22.0,17.4,26.2
20210922,2,13684,0.0,0.0,0.0,0.0,0.0,968.0,1775.0,810.0,3026.0,0.0,2021-09-22,20.2,16.8,24.3
20210923,3,15010,0.0,0.0,0.0,0.0,0.0,857.0,2034.0,880.0,4047.0,0.0,2021-09-23,20.9,16.9,25.9
20210924,4,12119,0.0,0.0,0.0,0.0,0.0,0.0,2039.0,804.0,3816.0,0.0,2021-09-24,21.8,16.7,26.9
20210925,5,12337,0.0,0.0,0.0,0.0,0.0,0.0,1797.0,794.0,3017.0,0.0,2021-09-25,21.2,18.7,23.1
20210926,6,10545,0.0,0.0,0.0,0.0,0.0,0.0,1845.0,781.0,2493.0,0.0,2021-09-26,22.6,18.4,27.3
20210927,0,13255,0.0,0.0,0.0,0.0,0.0,0.0,1921.0,837.0,3379.0,0.0,2021-09-27,21.6,18.7,25.0
20210928,1,12532,0.0,0.0,0.0,0.0,0.0,0.0,1949.0,811.0,3265.0,0.0,2021-09-28,21.5,19.6,24.4
20210929,2,10258,0.0,0.0,0.0,0.0,0.0,0.0,1875.0,758.0,3066.0,0.0,2021-09-29,20.2,17.8,21.4
20210930,3,12557,0.0,0.0,0.0,0.0,0.0,0.0,1997.0,789.0,3556.0,0.0,2021-09-30,20.3,16.0,25.9
20211001,4,12927,0.0,0.0,0.0,0.0,0.0,0.0,2081.0,759.0,4110.0,0.0,2021-10-01,21.1,16.9,27.5
20211002,5,10695,0.0,0.0,0.0,0.0,0.0,0.0,1970.0,649.0,3010.0,0.0,2021-10-02,20.7,16.4,26.6
20211003,6,10549,0.0,0.0,0.0,0.0,0.0,0.0,1534.0,587.0,2674.0,0.0,2021-10-03,22.3,17.1,28.8
20211004,0,10701,0.0,0.0,0.0,0.0,0.0,0.0,1945.0,687.0,2773.0,0.0,2021-10-04,22.9,19.2,25.6
20211005,1,14047,0.0,0.0,0.0,0.0,0.0,0.0,2177.0,811.0,3638.0,0.0,2021-10-05,23.6,21.7,26.5
20211006,2,11735,0.0,0.0,0.0,0.0,0.0,0.0,2095.0,746.0,3271.0,0.0,2021-10-06,18.8,17.9,21.7
20211007,3,13563,0.0,0.0,0.0,0.0,0.0,0.0,2269.0,666.0,3287.0,0.0,2021-10-07,19.4,17.9,21.9
20211008,4,13045,0.0,0.0,0.0,0.0,0.0,0.0,2021.0,659.0,3416.0,0.0,2021-10-08,18.8,17.5,20.0
20211009,5,11674,0.0,0.0,0.0,0.0,0.0,0.0,1883.0,575.0,3049.0,0.0,2021-10-09,20.9,18.5,24.1
20211010,6,11572,0.0,0.0,0.0,0.0,0.0,0.0,1929.0,630.0,2701.0,0.0,2021-10-10,19.9,14.9,24.3
20211011,0,10822,0.0,0.0,0.0,0.0,0.0,0.0,2022.0,649.0,2634.0,0.0,2021-10-11,15.2,12.6,17.8
20211012,1,11548,0.0,0.0,0.0,0.0,0.0,0.0,1896.0,632.0,3246.0,0.0,2021-10-12,17.9,15.8,21.3
20211013,2,10938,0.0,0.0,0.0,0.0,0.0,0.0,1907.0,613.0,3061.0,0.0,2021-10-13,19.6,14.9,25.2
20211014,3,9517,0.0,0.0,0.0,0.0,0.0,292.0,990.0,642.0,3193.0,0.0,2021-10-14,19.7,17.4,23.9
20211015,4,10750,0.0,0.0,0.0,0.0,0.0,1063.0,0.0,721.0,3701.0,0.0,2021-10-15,19.0,17.0,21.4
20211016,5,7529,0.0,0.0,0.0,0.0,0.0,758.0,0.0,663.0,2762.0,0.0,2021-10-16,10.7,4.2,18.1
20211017,6,8846,0.0,0.0,0.0,0.0,0.0,792.0,0.0,700.0,2642.0,0.0,2021-10-17,5.6,1.3,10.8
20211018,0,12242,0.0,0.0,0.0,0.0,0.0,928.0,1240.0,673.0,3160.0,0.0,2021-10-18,9.6,2.8,16.1
20211019,1,13723,0.0,0.0,0.0,0.0,0.0,881.0,1763.0,608.0,3043.0,0.0,2021-10-19,10.9,7.1,15.0
20211020,2,12940,0.0,0.0,0.0,0.0,0.0,883.0,1697.0,659.0,3167.0,0.0,2021-10-20,9.5,4.6,15.8
20211021,3,14244,0.0,0.0,0.0,0.0,0.0,990.0,2054.0,592.0,3279.0,0.0,2021-10-21,9.8,4.9,16.2
20211022,4,13189,0.0,0.0,0.0,0.0,0.0,1087.0,2063.0,561.0,3231.0,0.0,2021-10-22,10.8,5.2,17.2
20211023,5,13277,0.0,0.0,0.0,0.0,0.0,891.0,1889.0,530.0,2837.0,0.0,2021-10-23,11.4,5.7,18.4
20211024,6,11642,0.0,0.0,0.0,0.0,0.0,801.0,1987.0,488.0,2545.0,0.0,2021-10-24,11.4,6.0,18.1
20211025,0,14242,0.0,0.0,0.0,0.0,0.0,1087.0,2202.0,615.0,3592.0,0.0,2021-10-25,11.7,6.3,17.6
20211026,1,13769,0.0,0.0,0.0,0.0,0.0,1159.0,2206.0,578.0,3304.0,0.0,2021-10-26,13.0,7.7,19.0
20211027,2,14242,0.0,0.0,0.0,0.0,0.0,1265.0,1929.0,613.0,3107.0,0.0,2021-10-27,13.4,9.8,18.1
20211028,3,13372,0.0,0.0,0.0,0.0,0.0,1194.0,2218.0,641.0,3376.0,0.0,2021-10-28,12.7,7.1,20.0
20211029,4,16815,0.0,0.0,0.0,0.0,0.0,1267.0,2307.0,750.0,3608.0,0.0,2021-10-29,14.6,10.5,20.6
20211030,5,14056,0.0,0.0,0.0,0.0,0.0,1078.0,2023.0,818.0,3109.0,0.0,2021-10-30,13.8,11.0,18.0
20211031,6,14481,0.0,0.0,0.0,0.0,0.0,1058.0,2001.0,773.0,2811.0,0.0,2021-10-31,14.1,9.2,20.3
20211101,0,10901,0.0,0.0,0.0,0.0,0.0,1476.0,2644.0,927.0,0.0,0.0,2021-11-01,12.9,10.3,16.9
20211102,1,9321,0.0,0.0,0.0,0.0,0.0,1357.0,2533.0,915.0,0.0,0.0,2021-11-02,11.5,7.9,16.9
20211103,2,8467,0.0,0.0,0.0,0.0,0.0,1420.0,2329.0,853.0,0.0,0.0,2021-11-03,12.1,7.6,17.1
20211104,3,8547,0.0,0.0,0.0,0.0,0.0,1369.0,2296.0,787.0,0.0,0.0,2021-11-04,12.1,8.4,16.3
20211105,4,9660,0.0,0.0,0.0,0.0,0.0,1454.0,2304.0,799.0,0.0,0.0,2021-11-05,13.0,7.8,20.2
20211106,5,7230,0.0,0.0,0.0,0.0,0.0,1061.0,1857.0,771.0,0.0,0.0,2021-11-06,14.1,8.8,21.3
20211107,6,7765,0.0,0.0,0.0,0.0,0.0,1071.0,2054.0,797.0,0.0,0.0,2021-11-07,15.3,9.7,21.3
20211108,0,8219,0.0,0.0,0.0,0.0,0.0,1462.0,2135.0,870.0,0.0,0.0,2021-11-08,8.6,4.5,15.5
20211109,1,9078,0.0,0.0,0.0,0.0,0.0,1649.0,2196.0,787.0,0.0,0.0,2021-11-09,4.9,3.0,6.5
20211110,2,9824,0.0,0.0,0.0,0.0,0.0,1727.0,2341.0,996.0,0.0,0.0,2021-11-10,4.2,0.7,7.7
20211111,3,12029,0.0,0.0,0.0,0.0,0.0,1900.0,2911.0,1390.0,0.0,0.0,2021-11-11,5.3,2.1,9.7
20211112,4,10065,0.0,0.0,0.0,0.0,0.0,1498.0,2421.0,967.0,0.0,0.0,2021-11-12,4.5,1.3,8.6
20211113,5,9137,0.0,0.0,0.0,0.0,0.0,1365.0,2261.0,853.0,0.0,0.0,2021-11-13,7.3,0.5,13.4
20211114,6,9088,0.0,0.0,0.0,0.0,0.0,1389.0,2294.0,954.0,0.0,0.0,2021-11-14,11.3,7.8,16.4
20211115,0,10896,0.0,0.0,0.0,0.0,0.0,1690.0,2951.0,1094.0,0.0,0.0,2021-11-15,10.1,5.8,15.7
20211116,1,11740,0.0,0.0,0.0,0.0,0.0,1650.0,3045.0,1175.0,0.0,0.0,2021-11-16,8.5,4.4,13.6
20211117,2,13674,0.0,0.0,0.0,0.0,0.0,1612.0,3776.0,1589.0,0.0,0.0,2021-11-17,7.5,2.7,12.5
20211118,3,11835,0.0,0.0,0.0,0.0,0.0,1769.0,3507.0,1299.0,0.0,0.0,2021-11-18,11.9,7.7,16.2
20211119,4,12686,0.0,0.0,0.0,0.0,0.0,1606.0,3389.0,989.0,0.0,0.0,2021-11-19,12.9,10.2,16.7
20211120,5,11605,0.0,0.0,0.0,0.0,0.0,1380.0,3112.0,881.0,0.0,0.0,2021-11-20,10.4,6.8,15.6
20211121,6,9728,0.0,0.0,0.0,0.0,0.0,1276.0,2991.0,800.0,0.0,0.0,2021-11-21,10.4,7.6,13.1
20211122,0,11050,0.0,0.0,0.0,0.0,0.0,1575.0,3512.0,854.0,0.0,0.0,2021-11-22,2.7,-0.6,7.5
20211123,1,9166,0.0,0.0,0.0,0.0,0.0,879.0,2844.0,815.0,0.0,0.0,2021-11-23,-0.6,-3.7,2.3
20211124,2,7040,0.0,0.0,0.0,0.0,0.0,0.0,2639.0,881.0,0.0,0.0,2021-11-24,4.1,-2.6,9.1
20211125,3,6982,0.0,0.0,0.0,0.0,0.0,0.0,2849.0,865.0,0.0,0.0,2021-11-25,5.7,2.6,9.9
20211126,4,6015,0.0,0.0,0.0,0.0,0.0,0.0,2349.0,817.0,0.0,0.0,2021-11-26,2.9,-0.5,7.2
20211127,5,4600,0.0,0.0,0.0,0.0,0.0,0.0,1742.0,814.0,0.0,0.0,2021-11-27,3.4,-1.4,10.1
20211128,6,4720,0.0,0.0,0.0,0.0,0.0,0.0,1640.0,793.0,0.0,0.0,2021-11-28,5.1,-1.3,12.4
20211129,0,6337,0.0,0.0,0.0,0.0,0.0,0.0,1887.0,1020.0,0.0,0.0,2021-11-29,7.6,2.5,13.7
20211130,1,7212,0.0,0.0,0.0,0.0,0.0,0.0,2278.0,1061.0,0.0,0.0,2021-11-30,5.7,0.7,8.9
20211201,2,8676,0.0,0.0,0.0,0.0,0.0,0.0,3433.0,994.0,0.0,0.0,2021-12-01,-1.3,-3.0,1.5
20211202,3,8241,0.0,0.0,0.0,0.0,0.0,0.0,3471.0,913.0,0.0,0.0,2021-12-02,1.3,-4.6,5.0
20211203,4,8249,0.0,0.0,0.0,0.0,0.0,234.0,3276.0,878.0,0.0,0.0,2021-12-03,1.9,-1.8,4.6
20211204,5,8856,0.0,0.0,0.0,0.0,0.0,1009.0,2661.0,758.0,0.0,0.0,2021-12-04,1.4,-2.7,7.0
20211205,6,10418,0.0,0.0,0.0,0.0,0.0,1047.0,3130.0,832.0,0.0,0.0,2021-12-05,2.9,-2.3,9.6
20211206,0,9831,0.0,0.0,0.0,0.0,0.0,1440.0,3013.0,890.0,0.0,0.0,2021-12-06,5.4,-0.7,12.1
20211207,1,10283,0.0,0.0,0.0,0.0,0.0,1514.0,2999.0,843.0,0.0,0.0,2021-12-07,6.8,2.6,13.3
20211208,2,11395,0.0,0.0,0.0,0.0,0.0,1422.0,3125.0,828.0,0.0,0.0,2021-12-08,6.7,1.9,13.3
20211209,3,10113,0.0,0.0,0.0,0.0,0.0,1627.0,3135.0,795.0,0.0,0.0,2021-12-09,6.5,2.7,9.7
20211210,4,10467,0.0,0.0,0.0,0.0,0.0,1724.0,3042.0,802.0,0.0,0.0,2021-12-10,7.0,5.8,8.2
20211211,5,9226,0.0,0.0,0.0,0.0,0.0,1430.0,2693.0,633.0,0.0,0.0,2021-12-11,6.0,4.4,9.8
20211212,6,10451,0.0,0.0,0.0,0.0,0.0,1431.0,2951.0,595.0,0.0,0.0,2021-12-12,1.2,-3.8,5.1
20211213,0,10492,0.0,0.0,0.0,0.0,0.0,1719.0,2402.0,782.0,0.0,0.0,2021-12-13,-2.2,-5.9,1.9
20211214,1,10407,0.0,0.0,0.0,0.0,0.0,1814.0,2599.0,897.0,0.0,0.0,2021-12-14,3.7,-0.7,8.2
20211215,2,9997,0.0,0.0,0.0,0.0,0.0,1205.0,2685.0,963.0,0.0,0.0,2021-12-15,7.2,5.4,10.0
20211216,3,10190,0.0,0.0,0.0,0.0,0.0,1052.0,3033.0,960.0,0.0,0.0,2021-12-16,6.4,3.3,9.8
20211217,4,9642,0.0,0.0,0.0,0.0,0.0,944.0,3144.0,934.0,0.0,0.0,2021-12-17,-5.6,-10.1,3.2
20211218,5,9798,0.0,0.0,0.0,0.0,0.0,912.0,3045.0,846.0,0.0,0.0,2021-12-18,-5.7,-11.2,-1.8
20211219,6,10074,0.0,0.0,0.0,0.0,0.0,802.0,3011.0,851.0,0.0,0.0,2021-12-19,-0.8,-5.8,4.2
20211220,0,10569,0.0,0.0,0.0,0.0,0.0,951.0,3392.0,1105.0,0.0,0.0,2021-12-20,5.2,-0.9,11.1
20211221,1,10558,0.0,0.0,0.0,0.0,0.0,1197.0,3282.0,1078.0,0.0,0.0,2021-12-21,5.2,0.8,8.9
20211222,2,10552,0.0,0.0,0.0,0.0,0.0,1617.0,2957.0,1039.0,0.0,0.0,2021-12-22,2.2,-2.6,8.2
20211223,3,11284,0.0,0.0,0.0,0.0,0.0,1311.0,3094.0,1237.0,0.0,0.0,2021-12-23,2.7,-1.5,8.3
20211224,4,19925,0.0,0.0,0.0,0.0,0.0,940.0,5042.0,3075.0,0.0,0.0,2021-12-24,-0.3,-7.3,3.2
20211225,5,16241,0.0,0.0,0.0,0.0,0.0,1122.0,4551.0,1988.0,0.0,0.0,2021-12-25,-11.7,-14.4,-7.3
20211226,6,8164,0.0,0.0,0.0,0.0,0.0,77.0,2583.0,1051.0,0.0,0.0,2021-12-26,-12.1,-15.5,-7.3
20211227,0,11309,0.0,0.0,0.0,0.0,0.0,1159.0,2847.0,1182.0,0.0,0.0,2021-12-27,-7.6,-12.9,-3.9
20211228,1,10604,0.0,0.0,0.0,0.0,0.0,1145.0,2904.0,1253.0,0.0,0.0,2021-12-28,-4.1,-8.5,-0.9
20211229,2,8210,0.0,0.0,0.0,0.0,0.0,443.0,2859.0,1112.0,0.0,0.0,2021-12-29,0.4,-3.8,5.9
20211230,3,9525,0.0,0.0,0.0,0.0,0.0,0.0,3179.0,1231.0,0.0,0.0,2021-12-30,-3.9,-6.8,0.2
20211231,4,14697,0.0,0.0,0.0,0.0,0.0,12.0,5076.0,1845.0,0.0,0.0,2021-12-31,-6.7,-8.8,-3.9
20220101,5,23043,0.0,0.0,0.0,0.0,0.0,0.0,4746.0,1812.0,5199.0,0.0,2022-01-01,-4.3,-10.2,2.3
20220102,6,13944,0.0,0.0,0.0,0.0,0.0,0.0,2860.0,1151.0,3252.0,0.0,2022-01-02,-1.3,-5.2,3.0
20220103,0,19523,0.0,0.0,0.0,0.0,0.0,671.0,3631.0,1035.0,5048.0,0.0,2022-01-03,-1.9,-8.0,2.5
20220104,1,19803,0.0,0.0,0.0,0.0,0.0,1890.0,3513.0,995.0,4483.0,0.0,2022-01-04,-2.5,-5.6,1.0
20220105,2,22959,0.0,0.0,0.0,0.0,0.0,2098.0,3271.0,1010.0,4451.0,0.0,2022-01-05,-2.8,-7.8,1.9
20220106,3,18354,0.0,0.0,0.0,0.0,0.0,1943.0,3024.0,820.0,3976.0,0.0,2022-01-06,-2.2,-5.9,3.3
20220107,4,20921,0.0,0.0,0.0,0.0,0.0,2071.0,3192.0,895.0,4199.0,0.0,2022-01-07,-1.6,-5.9,4.5
20220108,5,16266,0.0,0.0,0.0,0.0,0.0,1473.0,2454.0,757.0,3290.0,0.0,2022-01-08,0.3,-5.0,3.7
20220109,6,13546,0.0,0.0,0.0,0.0,0.0,1601.0,2330.0,740.0,2772.0,0.0,2022-01-09,1.3,-1.2,5.6
20220110,0,20508,0.0,0.0,0.0,0.0,0.0,2498.0,2830.0,982.0,3944.0,0.0,2022-01-10,0.5,-3.4,4.4
20220111,1,21044,0.0,0.0,0.0,0.0,0.0,2281.0,2757.0,905.0,3800.0,0.0,2022-01-11,-7.4,-10.3,0.3
20220112,2,20905,1.0,1.0,0.0,0.0,0.0,2113.0,3105.0,925.0,3624.0,0.0,2022-01-12,-7.7,-11.3,-3.4
20220113,3,27002,2106.0,2128.0,0.0,0.0,0.0,2480.0,2792.0,896.0,3662.0,0.0,2022-01-13,-6.4,-8.9,-3.1
20220114,4,28952,2157.0,2188.0,0.0,0.0,0.0,2106.0,2540.0,804.0,3862.0,0.0,2022-01-14,-4.8,-10.1,1.3
20220115,5,23551,1806.0,1345.0,0.0,0.0,0.0,2040.0,2138.0,733.0,3371.0,0.0,2022-01-15,-1.0,-5.3,1.8
20220116,6,17821,1604.0,929.0,0.0,0.0,0.0,1540.0,2063.0,699.0,2957.0,0.0,2022-01-16,-2.0,-7.2,2.4
20220117,0,24599,2556.0,1450.0,0.0,0.0,0.0,0.0,2407.0,887.0,4195.0,0.0,2022-01-17,-5.8,-9.2,0.1
20220118,1,23183,2596.0,1333.0,0.0,0.0,0.0,0.0,2377.0,836.0,4112.0,0.0,2022-01-18,-5.6,-9.9,-0.7
20220119,2,22280,2443.0,1400.0,0.0,0.0,0.0,0.0,2330.0,822.0,4490.0,0.0,2022-01-19,-5.3,-7.7,-2.7
20220120,3,27520,2667.0,1422.0,0.0,0.0,0.0,0.0,2435.0,905.0,5312.0,0.0,2022-01-20,-5.0,-9.8,0.9
20220121,4,29791,2762.0,1439.0,0.0,0.0,0.0,0.0,2025.0,997.0,6443.0,0.0,2022-01-21,-2.7,-8.7,4.6
20220122,5,20548,2246.0,810.0,0.0,0.0,0.0,0.0,1935.0,874.0,4727.0,0.0,2022-01-22,0.3,-5.0,7.1
20220123,6,21797,2071.0,631.0,0.0,0.0,0.0,0.0,2048.0,880.0,4369.0,0.0,2022-01-23,2.0,-0.6,6.7
20220124,0,32786,2997.0,1106.0,0.0,0.0,0.0,0.0,2108.0,908.0,9274.0,0.0,2022-01-24,4.6,1.3,8.4
20220125,1,42802,2995.0,1154.0,0.0,0.0,0.0,562.0,2156.0,1062.0,12849.0,0.0,2022-01-25,2.8,1.9,4.5
20220126,2,50117,3318.0,1181.0,0.0,0.0,0.0,1785.0,2291.0,936.0,16592.0,0.0,2022-01-26,1.3,-1.9,6.8
20220127,3,65201,3531.0,1343.0,0.0,0.0,0.0,2351.0,2232.0,933.0,22876.0,0.0,2022-01-27,-1.1,-4.6,4.0
20220128,4,99258,4309.0,1957.0,0.0,0.0,0.0,2897.0,2597.0,1145.0,41040.0,0.0,2022-01-28,-2.7,-5.9,2.1
20220129,5,51978,2790.0,1100.0,0.0,0.0,0.0,2057.0,2092.0,890.0,19320.0,0.0,2022-01-29,-3.6,-7.2,0.9
20220130,6,42247,2411.0,1045.0,0.0,0.0,0.0,1948.0,2055.0,866.0,13012.0,0.0,2022-01-30,-2.8,-8.0,2.4
20220131,0,43462,2423.0,837.0,0.0,0.0,0.0,2103.0,1921.0,826.0,13195.0,0.0,2022-01-31,-0.7,-6.8,4.8
20220201,1,46897,2756.0,876.0,0.0,0.0,0.0,2820.0,2340.0,841.0,11684.0,0.0,2022-02-01,-1.3,-2.7,0.9
20220202,2,28106,2283.0,799.0,0.0,0.0,0.0,2439.0,1954.0,916.0,5253.0,0.0,2022-02-02,-3.4,-6.0,0.0
20220203,3,36995,3423.0,1237.0,0.0,0.0,0.0,3378.0,2402.0,1025.0,5351.0,0.0,2022-02-03,-3.4,-6.9,0.4
20220204,4,33473,3345.0,1460.0,0.0,0.0,0.0,3111.0,2357.0,917.0,4903.0,0.0,2022-02-04,-5.2,-8.2,-0.7
20220205,5,27690,2450.0,1103.0,0.0,0.0,0.0,2687.0,2206.0,809.0,3931.0,0.0,2022-02-05,-6.6,-9.7,-2.0
20220206,6,23203,2219.0,875.0,0.0,0.0,0.0,2761.0,2077.0,718.0,3069.0,0.0,2022-02-06,-3.9,-8.4,1.7
20220207,0,31274,3324.0,1498.0,0.0,0.0,0.0,3457.0,2264.0,898.0,4354.0,0.0,2022-02-07,-2.5,-7.3,1.9
20220208,1,32796,3411.0,1266.0,0.0,0.0,0.0,3398.0,2376.0,824.0,4195.0,0.0,2022-02-08,-0.1,-4.1,5.6
20220209,2,30576,3519.0,1278.0,0.0,0.0,0.0,3394.0,2538.0,704.0,4328.0,0.0,2022-02-09,1.0,-4.3,7.2
20220210,3,33367,3958.0,1250.0,0.0,0.0,0.0,3618.0,2749.0,985.0,4819.0,0.0,2022-02-10,1.4,-3.2,6.7
20220211,4,32883,4017.0,1166.0,0.0,0.0,0.0,1764.0,2521.0,976.0,4780.0,0.0,2022-02-11,2.9,-2.6,8.8
20220212,5,23755,3151.0,716.0,0.0,0.0,0.0,0.0,2214.0,995.0,3722.0,0.0,2022-02-12,4.8,-0.1,10.4
20220213,6,21634,2898.0,579.0,0.0,0.0,0.0,0.0,2321.0,1030.0,3096.0,0.0,2022-02-13,4.8,1.6,9.5
20220214,0,28359,4851.0,1222.0,0.0,0.0,0.0,0.0,3471.0,1158.0,4545.0,0.0,2022-02-14,2.5,-1.3,8.1
20220215,1,27037,3570.0,1230.0,0.0,0.0,0.0,0.0,2705.0,974.0,4646.0,0.0,2022-02-15,-4.7,-7.7,-1.3
20220216,2,27407,3511.0,1356.0,0.0,0.0,0.0,0.0,2817.0,1045.0,4199.0,0.0,2022-02-16,-7.3,-9.6,-4.1
20220217,3,28750,3350.0,1367.0,0.0,0.0,0.0,0.0,3381.0,1077.0,4260.0,0.0,2022-02-17,-6.2,-10.7,-0.5
20220218,4,35262,5049.0,1238.0,0.0,0.0,0.0,1408.0,3733.0,1224.0,4979.0,0.0,2022-02-18,-1.2,-8.0,5.7
20220219,5,27195,3621.0,757.0,0.0,0.0,0.0,1567.0,2764.0,954.0,3800.0,0.0,2022-02-19,-1.7,-6.2,3.7
20220220,6,21173,3295.0,666.0,0.0,0.0,0.0,0.0,2552.0,947.0,3454.0,0.0,2022-02-20,-4.8,-8.4,-0.5
20220221,0,30858,4604.0,1017.0,0.0,0.0,0.0,565.0,3218.0,1021.0,4555.0,0.0,2022-02-21,-3.0,-8.1,3.6
20220222,1,36748,4151.0,1241.0,0.0,0.0,0.0,2759.0,3125.0,883.0,5013.0,0.0,2022-02-22,-4.5,-8.0,0.5
20220223,2,30366,3267.0,1260.0,0.0,0.0,0.0,2814.0,2929.0,883.0,5173.0,0.0,2022-02-23,-5.6,-10.0,-0.6
20220224,3,30343,3682.0,1066.0,0.0,0.0,0.0,2021.0,2906.0,890.0,5076.0,0.0,2022-02-24,-2.4,-8.5,3.7
20220225,4,33450,4103.0,1104.0,0.0,0.0,0.0,2156.0,3391.0,1011.0,6219.0,0.0,2022-02-25,3.0,-3.6,8.4
20220226,5,28209,2963.0,676.0,0.0,0.0,0.0,2980.0,2528.0,884.0,4510.0,0.0,2022-02-26,5.4,1.0,9.3
20220227,6,29298,2759.0,571.0,0.0,0.0,0.0,2925.0,2663.0,769.0,3877.0,0.0,2022-02-27,3.7,-1.6,9.1
20220228,0,44623,4446.0,879.0,0.0,0.0,0.0,4568.0,3304.0,840.0,6622.0,0.0,2022-02-28,6.8,2.7,11.5
20220301,1,20453,3227.0,709.0,0.0,0.0,0.0,3186.0,2526.0,0.0,0.0,0.0,2022-03-01,5.8,0.3,9.7
20220302,2,18507,4162.0,983.0,0.0,0.0,0.0,1989.0,3035.0,0.0,0.0,0.0,2022-03-02,3.5,-2.3,8.8
20220303,3,23268,4211.0,837.0,0.0,0.0,0.0,3067.0,2965.0,0.0,0.0,0.0,2022-03-03,5.8,0.9,12.4
20220304,4,19239,4527.0,699.0,0.0,0.0,0.0,1267.0,2741.0,483.0,0.0,0.0,2022-03-04,6.9,0.6,14.6
20220305,5,18860,3178.0,610.0,0.0,0.0,0.0,3076.0,2460.0,816.0,0.0,0.0,2022-03-05,2.3,-0.7,6.7
20220306,6,14747,2940.0,458.0,0.0,0.0,0.0,808.0,2531.0,944.0,0.0,0.0,2022-03-06,1.4,-3.0,6.8
20220307,0,17337,4160.0,647.0,0.0,0.0,0.0,0.0,3749.0,970.0,0.0,0.0,2022-03-07,2.8,-2.7,8.7
20220308,1,20136,4326.0,724.0,0.0,0.0,0.0,730.0,3013.0,796.0,0.0,0.0,2022-03-08,6.0,1.1,12.3
20220309,2,18729,3142.0,432.0,0.0,0.0,0.0,3115.0,2434.0,632.0,0.0,0.0,2022-03-09,7.1,1.7,14.8
20220310,3,23744,4209.0,518.0,0.0,0.0,0.0,3085.0,2517.0,664.0,0.0,0.0,2022-03-10,9.3,4.2,15.8
20220311,4,22532,4838.0,510.0,0.0,0.0,0.0,2922.0,2281.0,715.0,0.0,0.0,2022-03-11,11.2,5.1,18.4
20220312,5,12714,3448.0,345.0,0.0,0.0,0.0,164.0,2066.0,813.0,0.0,0.0,2022-03-12,12.8,6.3,19.5
20220313,6,13210,2997.0,389.0,0.0,0.0,0.0,120.0,2097.0,1002.0,0.0,0.0,2022-03-13,11.7,10.7,12.6
20220314,0,28665,5552.0,1032.0,0.0,0.0,0.0,2577.0,3148.0,2467.0,0.0,0.0,2022-03-14,8.2,4.9,13.2
20220315,1,20464,4936.0,620.0,0.0,0.0,0.0,2191.0,1994.0,1030.0,0.0,0.0,2022-03-15,7.2,2.3,13.3
20220316,2,17306,4968.0,512.0,0.0,0.0,0.0,0.0,1824.0,783.0,0.0,0.0,2022-03-16,10.3,3.6,16.8
20220317,3,15012,4469.0,501.0,0.0,0.0,0.0,0.0,1965.0,647.0,0.0,0.0,2022-03-17,10.7,7.8,15.1
20220318,4,14478,4507.0,674.0,0.0,0.0,0.0,0.0,1867.0,415.0,0.0,0.0,2022-03-18,7.5,5.5,9.6
20220319,5,10191,3200.0,431.0,0.0,0.0,0.0,0.0,1738.0,293.0,0.0,0.0,2022-03-19,3.4,0.9,6.1
20220320,6,11156,3228.0,444.0,0.0,0.0,0.0,0.0,1705.0,315.0,0.0,0.0,2022-03-20,5.4,2.2,9.3
20220321,0,14851,4386.0,608.0,0.0,0.0,0.0,0.0,1692.0,454.0,0.0,0.0,2022-03-21,5.0,-0.3,10.9
20220322,1,12861,4668.0,461.0,0.0,0.0,0.0,0.0,1691.0,325.0,0.0,0.0,2022-03-22,7.1,1.1,13.6
20220323,2,17129,4361.0,541.0,0.0,0.0,0.0,1209.0,1659.0,310.0,0.0,0.0,2022-03-23,6.2,4.9,8.2
20220324,3,18480,4521.0,562.0,0.0,0.0,0.0,2099.0,1628.0,249.0,0.0,0.0,2022-03-24,8.2,3.9,12.4
20220325,4,22111,5178.0,534.0,0.0,0.0,0.0,2688.0,1729.0,301.0,0.0,0.0,2022-03-25,12.0,6.3,17.2
20220326,5,15652,3547.0,364.0,0.0,0.0,0.0,2285.0,1527.0,103.0,0.0,0.0,2022-03-26,11.8,9.5,14.7
20220327,6,15418,3341.0,281.0,0.0,0.0,0.0,2217.0,1626.0,93.0,0.0,0.0,2022-03-27,8.1,5.0,12.6
20220328,0,19082,4900.0,366.0,0.0,0.0,0.0,1578.0,1715.0,358.0,0.0,0.0,2022-03-28,8.2,1.5,15.1
20220329,1,13748,5270.0,347.0,0.0,0.0,0.0,0.0,1609.0,412.0,0.0,0.0,2022-03-29,9.7,3.3,15.6
20220330,2,17794,4966.0,432.0,0.0,0.0,0.0,1530.0,1792.0,359.0,0.0,0.0,2022-03-30,10.8,5.9,15.7
20220331,3,23053,5252.0,419.0,0.0,0.0,0.0,2828.0,1672.0,404.0,0.0,0.0,2022-03-31,10.9,7.6,14.7
20220401,4,23538,6183.0,363.0,0.0,0.0,0.0,2960.0,1716.0,547.0,0.0,0.0,2022-04-01,9.2,4.5,14.9
20220402,5,19356,4224.0,221.0,0.0,0.0,0.0,2202.0,1675.0,723.0,0.0,0.0,2022-04-02,8.2,3.7,14.2
20220403,6,17200,3957.0,180.0,0.0,0.0,0.0,2171.0,1771.0,697.0,0.0,0.0,2022-04-03,9.6,3.5,17.0
20220404,0,23495,5693.0,397.0,0.0,0.0,0.0,2553.0,1606.0,730.0,0.0,0.0,2022-04-04,10.3,5.1,16.4
20220405,1,29637,8697.0,527.0,0.0,0.0,0.0,2676.0,1572.0,777.0,0.0,0.0,2022-04-05,10.3,4.9,15.8
20220406,2,28412,7520.0,407.0,0.0,0.0,0.0,2824.0,1598.0,805.0,0.0,0.0,2022-04-06,11.7,8.0,17.0
20220407,3,24625,6700.0,334.0,0.0,0.0,0.0,2649.0,1517.0,754.0,0.0,0.0,2022-04-07,10.9,7.4,15.7
20220408,4,22835,7203.0,366.0,0.0,0.0,0.0,2675.0,1536.0,767.0,0.0,0.0,2022-04-08,12.9,5.1,20.0
20220409,5,20248,5311.0,181.0,0.0,0.0,0.0,1953.0,1470.0,727.0,0.0,0.0,2022-04-09,17.8,12.4,24.2
20220410,6,18100,4960.0,119.0,0.0,0.0,0.0,1989.0,1415.0,752.0,0.0,0.0,2022-04-10,18.2,12.7,25.1
20220411,0,21450,7056.0,134.0,0.0,0.0,0.0,2474.0,1431.0,822.0,0.0,0.0,2022-04-11,19.6,13.4,26.6
20220412,1,20539,7079.0,150.0,0.0,0.0,0.0,1752.0,1372.0,810.0,0.0,0.0,2022-04-12,19.3,15.9,26.4
20220413,2,16885,5723.0,316.0,0.0,0.0,0.0,0.0,1443.0,795.0,0.0,0.0,2022-04-13,13.1,12.0,15.9
20220414,3,16319,5927.0,323.0,0.0,0.0,0.0,0.0,1577.0,762.0,0.0,0.0,2022-04-14,13.2,11.4,15.3
20220415,4,19441,7307.0,238.0,0.0,0.0,0.0,0.0,1488.0,886.0,0.0,0.0,2022-04-15,13.3,7.5,19.3
20220416,5,15975,5049.0,124.0,0.0,0.0,0.0,0.0,1498.0,794.0,0.0,0.0,2022-04-16,13.2,7.1,20.2
20220417,6,14104,4418.0,102.0,0.0,0.0,0.0,0.0,1547.0,780.0,0.0,0.0,2022-04-17,14.0,7.2,21.9
20220418,0,18450,6341.0,121.0,0.0,0.0,0.0,0.0,1415.0,826.0,0.0,0.0,2022-04-18,15.2,11.4,21.6
20220419,1,18010,6654.0,133.0,0.0,0.0,0.0,0.0,1337.0,792.0,0.0,0.0,2022-04-19,15.2,8.9,22.1
20220420,2,19248,7093.0,131.0,0.0,0.0,0.0,0.0,1242.0,788.0,0.0,0.0,2022-04-20,15.7,9.7,22.1
20220421,3,17577,6732.0,151.0,0.0,0.0,0.0,0.0,1304.0,781.0,0.0,0.0,2022-04-21,16.3,9.6,22.7
20220422,4,17378,6596.0,176.0,0.0,0.0,0.0,0.0,1357.0,829.0,0.0,0.0,2022-04-22,15.0,13.2,16.8
20220423,5,12612,4897.0,89.0,0.0,0.0,0.0,0.0,1302.0,719.0,0.0,0.0,2022-04-23,17.7,10.4,25.3
20220424,6,12404,4290.0,64.0,0.0,0.0,0.0,0.0,1197.0,651.0,0.0,0.0,2022-04-24,18.5,15.0,24.5
20220425,0,16707,6371.0,95.0,0.0,0.0,0.0,0.0,1295.0,851.0,0.0,0.0,2022-04-25,20.0,17.0,23.6
20220426,1,15793,6482.0,183.0,0.0,0.0,0.0,0.0,1174.0,839.0,0.0,0.0,2022-04-26,21.9,17.0,28.7
20220427,2,19202,6711.0,95.0,0.0,0.0,0.0,0.0,1531.0,807.0,0.0,0.0,2022-04-27,17.7,12.6,23.9
20220428,3,20731,6865.0,122.0,0.0,0.0,0.0,462.0,1349.0,800.0,0.0,0.0,2022-04-28,18.2,11.6,25.9
20220429,4,18442,6136.0,231.0,0.0,0.0,0.0,1256.0,1378.0,809.0,0.0,0.0,2022-04-29,13.4,10.7,16.5
20220430,5,13695,4249.0,121.0,0.0,0.0,0.0,1060.0,1210.0,723.0,0.0,0.0,2022-04-30,13.0,10.5,17.8
20220501,6,13795,4401.0,71.0,0.0,0.0,0.0,1121.0,1267.0,804.0,0.0,0.0,2022-05-01,13.4,7.9,19.2
20220502,0,20984,5941.0,103.0,0.0,0.0,0.0,1510.0,1275.0,977.0,0.0,0.0,2022-05-02,14.2,9.1,19.4
20220503,1,18259,6079.0,110.0,0.0,0.0,0.0,1440.0,1630.0,885.0,0.0,0.0,2022-05-03,14.8,9.1,20.8
20220504,2,20399,6829.0,85.0,0.0,0.0,0.0,1651.0,1379.0,907.0,0.0,0.0,2022-05-04,17.8,10.0,25.2
20220505,3,15999,4643.0,76.0,0.0,0.0,0.0,1254.0,1056.0,814.0,0.0,0.0,2022-05-05,18.9,12.5,25.8
20220506,4,20169,5990.0,65.0,0.0,0.0,0.0,1421.0,1123.0,826.0,0.0,0.0,2022-05-06,19.6,13.7,25.6
20220507,5,16556,4327.0,84.0,0.0,0.0,0.0,1317.0,1163.0,774.0,0.0,0.0,2022-05-07,18.4,15.3,23.1
20220508,6,17777,4768.0,126.0,0.0,0.0,0.0,1895.0,1376.0,905.0,0.0,0.0,2022-05-08,15.3,11.7,18.2
20220509,0,20044,5899.0,89.0,0.0,0.0,0.0,867.0,1338.0,918.0,0.0,0.0,2022-05-09,17.9,11.0,25.3
20220510,1,16733,6443.0,73.0,0.0,0.0,0.0,0.0,1399.0,892.0,0.0,0.0,2022-05-10,19.9,13.6,26.3
20220511,2,17291,6676.0,57.0,0.0,0.0,0.0,0.0,1257.0,743.0,0.0,0.0,2022-05-11,19.7,16.6,25.2
20220512,3,25680,7050.0,55.0,0.0,0.0,0.0,0.0,1208.0,781.0,2906.0,0.0,2022-05-12,20.9,14.1,28.1
20220513,4,30317,7679.0,76.0,0.0,0.0,0.0,0.0,1623.0,1006.0,5916.0,0.0,2022-05-13,19.4,15.0,25.2
20220514,5,22815,5179.0,68.0,0.0,0.0,0.0,0.0,1218.0,736.0,4322.0,0.0,2022-05-14,15.7,11.9,20.0
20220515,6,36280,7603.0,100.0,0.0,0.0,0.0,0.0,2964.0,967.0,8522.0,0.0,2022-05-15,16.2,10.5,22.4
20220516,0,24812,6742.0,74.0,0.0,0.0,0.0,0.0,1602.0,1052.0,4163.0,0.0,2022-05-16,17.3,10.9,23.7
20220517,1,20762,6103.0,44.0,0.0,0.0,0.0,0.0,1170.0,715.0,3252.0,0.0,2022-05-17,20.0,13.0,27.4
20220518,2,21116,5860.0,63.0,0.0,0.0,0.0,0.0,1031.0,564.0,3040.0,0.0,2022-05-18,20.0,15.7,25.4
20220519,3,20356,5838.0,75.0,0.0,0.0,0.0,0.0,1031.0,611.0,2726.0,0.0,2022-05-19,19.9,16.1,24.2
20220520,4,24660,6767.0,53.0,0.0,0.0,0.0,0.0,1097.0,609.0,3330.0,0.0,2022-05-20,20.6,15.6,25.8
20220521,5,20196,4975.0,39.0,0.0,0.0,0.0,0.0,971.0,512.0,2683.0,0.0,2022-05-21,20.1,16.1,26.0
20220522,6,15472,4085.0,21.0,0.0,0.0,0.0,0.0,962.0,547.0,2279.0,0.0,2022-05-22,20.3,15.7,25.8
20220523,0,24427,6691.0,39.0,0.0,0.0,0.0,0.0,1023.0,486.0,3070.0,0.0,2022-05-23,23.0,17.8,30.7
20220524,1,19627,6846.0,39.0,0.0,0.0,0.0,0.0,881.0,400.0,2738.0,0.0,2022-05-24,22.9,16.7,30.2
20220525,2,27673,7770.0,36.0,0.0,0.0,0.0,0.0,1019.0,455.0,3299.0,0.0,2022-05-25,21.0,16.7,26.7
20220526,3,24662,7258.0,48.0,0.0,0.0,0.0,0.0,891.0,152.0,3069.0,0.0,2022-05-26,18.7,14.1,23.5
20220527,4,26550,7653.0,37.0,0.0,0.0,0.0,390.0,995.0,166.0,3283.0,0.0,2022-05-27,20.0,16.0,25.6
20220528,5,17502,5255.0,16.0,0.0,0.0,0.0,724.0,802.0,127.0,2588.0,0.0,2022-05-28,22.3,15.0,29.3
20220529,6,17965,4391.0,33.0,0.0,0.0,0.0,784.0,790.0,129.0,2268.0,0.0,2022-05-29,23.1,19.3,29.7
20220530,0,25365,6356.0,43.0,0.0,0.0,0.0,1529.0,1128.0,162.0,3216.0,0.0,2022-05-30,20.8,17.2,24.7
20220531,1,27859,7617.0,37.0,0.0,0.0,0.0,1705.0,1004.0,240.0,3611.0,0.0,2022-05-31,20.7,14.2,27.2
20220601,2,24069,5526.0,16.0,0.0,0.0,0.0,1467.0,944.0,155.0,2933.0,0.0,2022-06-01,22.1,16.2,28.6
20220602,3,28168,6891.0,41.0,0.0,0.0,0.0,1675.0,926.0,315.0,3315.0,0.0,2022-06-02,21.5,17.1,26.9
20220603,4,29788,7749.0,37.0,0.0,0.0,0.0,1796.0,973.0,504.0,3543.0,0.0,2022-06-03,24.5,18.7,32.6
20220604,5,21335,5078.0,23.0,0.0,0.0,0.0,1347.0,835.0,515.0,2764.0,0.0,2022-06-04,25.6,20.3,29.7
20220605,6,19099,3804.0,47.0,0.0,0.0,0.0,1382.0,886.0,483.0,2407.0,0.0,2022-06-05,22.7,20.2,27.0
20220606,0,17298,4125.0,40.0,0.0,0.0,0.0,1231.0,794.0,308.0,2328.0,0.0,2022-06-06,19.7,16.7,24.5
20220607,1,23588,6435.0,68.0,0.0,0.0,0.0,1573.0,1021.0,427.0,3158.0,0.0,2022-06-07,20.6,15.1,25.1
20220608,2,25839,6814.0,48.0,0.0,0.0,0.0,1703.0,1181.0,599.0,3113.0,0.0,2022-06-08,21.2,16.2,25.8
20220609,3,29843,6995.0,62.0,0.0,0.0,0.0,1807.0,1023.0,488.0,3190.0,0.0,2022-06-09,20.9,18.5,24.5
20220610,4,28790,7345.0,50.0,0.0,0.0,0.0,1814.0,1002.0,642.0,3542.0,0.0,2022-06-10,20.9,17.2,26.6
20220611,5,22242,5387.0,29.0,0.0,0.0,0.0,1462.0,826.0,385.0,2814.0,0.0,2022-06-11,24.6,17.7,32.7
20220612,6,20789,4801.0,23.0,0.0,0.0,0.0,1412.0,947.0,429.0,2480.0,0.0,2022-06-12,24.6,18.9,31.5
20220613,0,27122,6759.0,30.0,0.0,0.0,0.0,1829.0,941.0,515.0,3353.0,0.0,2022-06-13,23.6,19.6,29.2
20220614,1,24779,6032.0,68.0,0.0,0.0,0.0,1803.0,925.0,564.0,3123.0,0.0,2022-06-14,21.5,17.7,27.1
20220615,2,24768,5918.0,133.0,0.0,0.0,0.0,1956.0,1117.0,555.0,3221.0,0.0,2022-06-15,17.5,14.9,20.1
20220616,3,23780,6369.0,65.0,0.0,0.0,0.0,1883.0,1077.0,523.0,3149.0,0.0,2022-06-16,20.3,17.6,24.8
20220617,4,29885,6975.0,41.0,0.0,0.0,0.0,1838.0,926.0,584.0,3472.0,0.0,2022-06-17,22.5,16.5,28.1
20220618,5,17649,4839.0,31.0,0.0,0.0,0.0,0.0,880.0,691.0,2848.0,0.0,2022-06-18,23.3,22.0,25.1
20220619,6,15731,4130.0,27.0,0.0,0.0,0.0,0.0,858.0,652.0,2442.0,0.0,2022-06-19,23.4,22.3,25.1
20220620,0,23207,7346.0,34.0,0.0,0.0,0.0,0.0,852.0,890.0,3355.0,0.0,2022-06-20,25.2,22.0,29.0
20220621,1,26758,8446.0,23.0,0.0,0.0,0.0,0.0,916.0,724.0,3270.0,0.0,2022-06-21,26.5,21.2,32.6
20220622,2,26575,7753.0,22.0,0.0,0.0,0.0,0.0,874.0,741.0,3265.0,0.0,2022-06-22,25.9,21.9,31.0
20220623,3,21991,6469.0,56.0,0.0,0.0,0.0,0.0,912.0,740.0,3159.0,0.0,2022-06-23,24.3,23.3,26.4
20220624,4,25552,7126.0,57.0,0.0,0.0,0.0,0.0,847.0,723.0,3651.0,0.0,2022-06-24,22.6,20.6,24.9
20220625,5,19178,5440.0,19.0,0.0,0.0,0.0,0.0,697.0,607.0,3226.0,0.0,2022-06-25,26.0,21.5,30.5
20220626,6,17236,4199.0,18.0,0.0,0.0,0.0,0.0,758.0,546.0,2687.0,0.0,2022-06-26,26.5,24.8,28.1
20220627,0,24390,6339.0,39.0,0.0,0.0,0.0,436.0,1008.0,716.0,3657.0,0.0,2022-06-27,26.8,25.4,28.1
20220628,1,22507,6286.0,36.0,0.0,0.0,0.0,1085.0,949.0,733.0,3278.0,0.0,2022-06-28,26.9,25.7,27.9
20220629,2,24917,6365.0,58.0,0.0,0.0,0.0,1253.0,973.0,764.0,3565.0,0.0,2022-06-29,25.1,24.4,26.1
20220630,3,31342,6942.0,75.0,0.0,0.0,0.0,1616.0,981.0,763.0,4269.0,0.0,2022-06-30,22.3,21.2,24.5
20220701,4,28114,9029.0,25.0,0.0,0.0,0.0,1835.0,1140.0,987.0,0.0,0.0,2022-07-01,26.6,21.9,30.9
20220702,5,16748,5965.0,19.0,0.0,0.0,0.0,1265.0,821.0,745.0,0.0,0.0,2022-07-02,28.8,24.0,33.8
20220703,6,15225,5051.0,17.0,0.0,0.0,0.0,1290.0,730.0,760.0,0.0,0.0,2022-07-03,29.3,24.4,34.2
20220704,0,26307,8405.0,22.0,0.0,0.0,0.0,1702.0,941.0,888.0,0.0,0.0,2022-07-04,29.3,26.4,32.6
20220705,1,28394,8276.0,17.0,0.0,0.0,0.0,1369.0,975.0,837.0,2177.0,0.0,2022-07-05,29.2,26.7,33.1
20220706,2,32421,8542.0,28.0,0.0,0.0,0.0,1351.0,918.0,780.0,3118.0,0.0,2022-07-06,29.5,26.2,33.3
20220707,3,28737,8564.0,24.0,0.0,0.0,0.0,1380.0,995.0,776.0,3547.0,0.0,2022-07-07,28.2,26.4,31.0
20220708,4,29567,8319.0,30.0,0.0,0.0,0.0,1259.0,882.0,718.0,3725.0,0.0,2022-07-08,25.8,24.0,27.9
20220709,5,21892,5553.0,16.0,0.0,0.0,0.0,1008.0,816.0,593.0,3071.0,0.0,2022-07-09,26.9,24.0,30.9
20220710,6,18141,4632.0,10.0,0.0,0.0,0.0,1059.0,828.0,676.0,2763.0,0.0,2022-07-10,29.2,24.6,35.1
20220711,0,27944,6925.0,23.0,0.0,0.0,0.0,1325.0,786.0,685.0,3563.0,0.0,2022-07-11,27.0,24.7,30.6
20220712,1,27868,7593.0,53.0,0.0,0.0,0.0,1507.0,734.0,781.0,3407.0,0.0,2022-07-12,26.8,23.2,29.4
20220713,2,25086,6423.0,71.0,0.0,0.0,0.0,1657.0,701.0,794.0,3285.0,0.0,2022-07-13,25.0,24.0,27.1
20220714,3,27261,6936.0,34.0,0.0,0.0,0.0,1545.0,745.0,707.0,3529.0,0.0,2022-07-14,25.7,23.3,29.9
20220715,4,34186,8328.0,50.0,0.0,0.0,0.0,1920.0,758.0,667.0,3959.0,0.0,2022-07-15,26.0,23.0,30.3
20220716,5,22323,5580.0,24.0,0.0,0.0,0.0,2113.0,660.0,554.0,3071.0,0.0,2022-07-16,24.8,23.2,28.2
20220717,6,17283,4153.0,13.0,0.0,0.0,0.0,1269.0,671.0,495.0,2792.0,0.0,2022-07-17,25.5,22.5,29.7
20220718,0,26556,6354.0,43.0,0.0,0.0,0.0,1716.0,768.0,637.0,3500.0,0.0,2022-07-18,26.8,23.1,30.1
20220719,1,30533,7250.0,23.0,0.0,0.0,0.0,1994.0,744.0,655.0,3470.0,0.0,2022-07-19,27.4,24.3,31.1
20220720,2,28590,7411.0,31.0,0.0,0.0,0.0,2075.0,766.0,665.0,3639.0,0.0,2022-07-20,27.1,24.3,30.4
20220721,3,23534,6041.0,51.0,0.0,0.0,0.0,1904.0,770.0,664.0,3501.0,0.0,2022-07-21,23.2,20.8,25.2
20220722,4,29002,7469.0,19.0,0.0,0.0,0.0,1891.0,731.0,623.0,3768.0,0.0,2022-07-22,25.1,22.9,27.5
20220723,5,21513,4423.0,35.0,0.0,0.0,0.0,1514.0,700.0,590.0,3081.0,0.0,2022-07-23,24.8,22.3,28.0
20220724,6,16998,3850.0,24.0,0.0,0.0,0.0,1429.0,748.0,508.0,2580.0,0.0,2022-07-24,25.0,22.0,28.4
20220725,0,27446,7492.0,29.0,0.0,0.0,0.0,1979.0,767.0,579.0,3910.0,0.0,2022-07-25,27.5,23.6,32.0
20220726,1,29065,7949.0,25.0,0.0,0.0,0.0,2101.0,778.0,508.0,3621.0,0.0,2022-07-26,28.9,24.4,33.1
20220727,2,31003,7174.0,29.0,0.0,0.0,0.0,2058.0,755.0,553.0,3653.0,0.0,2022-07-27,29.3,26.4,33.4
20220728,3,25795,7123.0,19.0,0.0,0.0,0.0,1925.0,689.0,499.0,3466.0,0.0,2022-07-28,29.7,25.1,34.4
20220729,4,33030,7613.0,27.0,0.0,0.0,0.0,1990.0,713.0,548.0,4123.0,0.0,2022-07-29,30.7,27.3,34.3
20220730,5,20258,5211.0,21.0,0.0,0.0,0.0,1632.0,684.0,346.0,3237.0,0.0,2022-07-30,30.9,27.3,36.1
20220731,6,17277,3735.0,19.0,0.0,0.0,0.0,1585.0,683.0,280.0,2604.0,0.0,2022-07-31,27.2,25.4,29.0
20220801,0,28537,6760.0,30.0,0.0,0.0,0.0,2154.0,792.0,441.0,4236.0,0.0,2022-08-01,28.6,25.4,32.4
20220802,1,28429,5911.0,23.0,0.0,0.0,0.0,2205.0,770.0,357.0,3775.0,0.0,2022-08-02,26.8,25.5,28.5
20220803,2,28662,6574.0,26.0,0.0,0.0,0.0,2222.0,851.0,431.0,3545.0,0.0,2022-08-03,27.1,25.2,30.0
20220804,3,26423,7187.0,25.0,0.0,0.0,0.0,2343.0,748.0,305.0,3598.0,0.0,2022-08-04,28.9,26.0,32.9
20220805,4,30892,7582.0,27.0,0.0,0.0,0.0,2323.0,703.0,327.0,3890.0,0.0,2022-08-05,29.4,27.0,32.7
20220806,5,22501,4996.0,16.0,0.0,0.0,0.0,1745.0,640.0,237.0,2980.0,0.0,2022-08-06,28.7,27.4,30.3
20220807,6,21116,4103.0,15.0,0.0,0.0,0.0,1830.0,746.0,218.0,2864.0,0.0,2022-08-07,28.9,27.2,31.7
20220808,0,24226,6073.0,40.0,0.0,0.0,0.0,2327.0,817.0,352.0,3702.0,0.0,2022-08-08,26.8,,28.4
20220809,1,25594,5686.0,51.0,0.0,0.0,0.0,2479.0,757.0,588.0,3632.0,0.0,2022-08-09,25.1,22.0,26.5
20220810,2,30350,5853.0,29.0,0.0,0.0,0.0,2643.0,917.0,675.0,3934.0,0.0,2022-08-10,24.7,21.4,28.8
20220811,3,26564,5539.0,38.0,0.0,0.0,0.0,2416.0,842.0,639.0,3548.0,0.0,2022-08-11,25.0,23.4,27.5
20220812,4,27505,7282.0,27.0,0.0,0.0,0.0,2519.0,832.0,613.0,4008.0,0.0,2022-08-12,27.0,23.0,32.4
20220813,5,23378,4215.0,24.0,0.0,0.0,0.0,2029.0,747.0,579.0,3130.0,0.0,2022-08-13,25.8,24.7,27.5
20220814,6,18830,3807.0,18.0,0.0,0.0,0.0,1886.0,747.0,373.0,3080.0,0.0,2022-08-14,27.6,24.5,31.5
20220815,0,19021,3795.0,22.0,0.0,0.0,0.0,1883.0,685.0,307.0,3215.0,0.0,2022-08-15,28.1,26.6,29.8
20220816,1,27208,5808.0,43.0,0.0,0.0,0.0,3226.0,922.0,492.0,3680.0,0.0,2022-08-16,26.7,24.1,30.0
20220817,2,27590,5830.0,42.0,0.0,0.0,0.0,2416.0,1074.0,636.0,3797.0,0.0,2022-08-17,26.0,22.8,30.5
20220818,3,24230,6255.0,52.0,0.0,0.0,0.0,0.0,1101.0,765.0,3942.0,0.0,2022-08-18,25.6,22.4,29.8
20220819,4,25664,6096.0,54.0,0.0,0.0,0.0,0.0,1127.0,793.0,4036.0,0.0,2022-08-19,26.0,23.3,27.5
20220820,5,21383,4485.0,31.0,0.0,0.0,0.0,0.0,997.0,720.0,3576.0,0.0,2022-08-20,28.2,25.7,32.0
20220821,6,17720,3886.0,37.0,0.0,0.0,0.0,0.0,1102.0,646.0,2931.0,0.0,2022-08-21,28.1,24.7,32.0
20220822,0,23609,6133.0,52.0,0.0,0.0,0.0,0.0,1210.0,822.0,4209.0,0.0,2022-08-22,26.8,22.9,30.2
20220823,1,23603,5527.0,91.0,0.0,0.0,0.0,427.0,1119.0,812.0,4151.0,40.0,2022-08-23,25.4,22.4,30.2
20220824,2,30452,5480.0,169.0,0.0,0.0,0.0,2721.0,1136.0,732.0,4202.0,61.0,2022-08-24,24.8,22.4,27.9
20220825,3,28735,5393.0,107.0,0.0,0.0,0.0,2900.0,1293.0,796.0,4766.0,194.0,2022-08-25,22.2,21.1,24.0
20220826,4,36583,6282.0,100.0,0.0,0.0,0.0,3119.0,1349.0,786.0,5170.0,289.0,2022-08-26,23.8,19.9,28.4
20220827,5,23487,4117.0,75.0,0.0,0.0,0.0,2140.0,957.0,661.0,4061.0,222.0,2022-08-27,21.5,17.6,25.5
20220828,6,25090,3887.0,69.0,0.0,0.0,0.0,2127.0,1049.0,602.0,3571.0,311.0,2022-08-28,22.6,16.1,28.4
20220829,0,31884,4771.0,200.0,0.0,0.0,0.0,2759.0,1258.0,672.0,5353.0,316.0,2022-08-29,21.0,19.5,22.5
20220830,1,29502,4713.0,331.0,0.0,0.0,0.0,2923.0,1394.0,618.0,5739.0,316.0,2022-08-30,19.1,17.9,20.3
20220831,2,36370,5234.0,292.0,0.0,0.0,0.0,3769.0,1399.0,676.0,7230.0,343.0,2022-08-31,21.7,19.6,24.9
20220901,3,40798,5838.0,243.0,0.0,0.0,0.0,4184.0,1502.0,933.0,9553.0,413.0,2022-09-01,24.0,18.3,30.4
20220902,4,41765,5670.0,226.0,0.0,0.0,0.0,3942.0,1373.0,914.0,10688.0,390.0,2022-09-02,24.7,20.3,29.8
20220903,5,36435,3891.0,126.0,0.0,0.0,0.0,3380.0,1304.0,845.0,7624.0,347.0,2022-09-03,24.2,20.5,29.2
20220904,6,31897,3218.0,113.0,0.0,0.0,0.0,2852.0,1275.0,871.0,6794.0,361.0,2022-09-04,22.3,19.8,24.0
20220905,0,54514,4691.0,332.0,0.0,0.0,0.0,4090.0,1485.0,929.0,16803.0,362.0,2022-09-05,19.2,17.7,22.7
20220906,1,61307,4962.0,266.0,0.0,0.0,0.0,4109.0,1357.0,906.0,21026.0,335.0,2022-09-06,21.0,17.0,26.3
20220907,2,87381,6139.0,395.0,0.0,0.0,0.0,4549.0,1372.0,963.0,31745.0,348.0,2022-09-07,22.8,17.9,28.1
20220908,3,166776,9307.0,439.0,0.0,0.0,0.0,6300.0,1541.0,1158.0,59550.0,373.0,2022-09-08,23.2,16.7,29.5
20220909,4,75407,5057.0,306.0,0.0,0.0,0.0,4637.0,1185.0,998.0,25928.0,362.0,2022-09-09,24.3,18.9,30.8
20220910,5,32052,3550.0,210.0,0.0,0.0,0.0,0.0,1294.0,851.0,11575.0,327.0,2022-09-10,23.6,19.0,28.4
20220911,6,22737,2680.0,92.0,0.0,0.0,0.0,0.0,1198.0,844.0,5291.0,325.0,2022-09-11,23.3,20.6,26.4
20220912,0,22578,3292.0,136.0,0.0,0.0,0.0,0.0,1381.0,666.0,4539.0,343.0,2022-09-12,23.8,20.3,27.5
20220913,1,22870,4578.0,217.0,0.0,0.0,0.0,0.0,1569.0,797.0,4971.0,434.0,2022-09-13,24.3,21.8,26.4
20220914,2,23405,4607.0,184.0,0.0,0.0,0.0,0.0,1395.0,840.0,4171.0,390.0,2022-09-14,24.6,22.7,27.9
20220915,3,23701,5127.0,193.0,0.0,0.0,0.0,0.0,1493.0,943.0,4464.0,387.0,2022-09-15,25.2,22.0,28.3
20220916,4,23069,5050.0,182.0,0.0,0.0,0.0,0.0,1475.0,824.0,4373.0,367.0,2022-09-16,25.7,23.4,29.9
20220917,5,20405,4017.0,108.0,0.0,0.0,0.0,0.0,1300.0,866.0,3609.0,406.0,2022-09-17,25.6,23.3,29.4
20220918,6,20306,3664.0,81.0,0.0,0.0,0.0,0.0,1323.0,853.0,3145.0,423.0,2022-09-18,27.1,23.0,32.5
20220919,0,22991,5273.0,157.0,0.0,0.0,0.0,0.0,1620.0,894.0,3759.0,398.0,2022-09-19,24.6,19.5,29.6
20220920,1,21671,4703.0,314.0,0.0,0.0,0.0,0.0,1580.0,916.0,3863.0,402.0,2022-09-20,19.9,16.1,24.6
20220921,2,22981,4776.0,302.0,0.0,0.0,0.0,0.0,1493.0,947.0,3656.0,433.0,2022-09-21,19.4,13.0,25.6
20220922,3,22540,4540.0,276.0,0.0,0.0,0.0,0.0,1680.0,838.0,3693.0,357.0,2022-09-22,19.8,14.2,24.7
20220923,4,24567,4749.0,330.0,0.0,0.0,0.0,0.0,1680.0,896.0,4110.0,397.0,2022-09-23,17.5,14.7,22.2
20220924,5,18737,3573.0,192.0,0.0,0.0,0.0,0.0,1539.0,821.0,3368.0,369.0,2022-09-24,18.5,12.3,24.2
20220925,6,20171,3152.0,194.0,0.0,0.0,0.0,0.0,1648.0,799.0,3040.0,336.0,2022-09-25,19.6,15.4,25.2
20220926,0,27548,4701.0,473.0,0.0,0.0,0.0,560.0,1777.0,849.0,4022.0,372.0,2022-09-26,20.0,14.8,25.4
20220927,1,29775,4789.0,288.0,0.0,0.0,0.0,2304.0,1735.0,920.0,3915.0,364.0,2022-09-27,20.9,14.0,28.0
20220928,2,29939,4688.0,371.0,0.0,0.0,0.0,2598.0,1732.0,840.0,3814.0,351.0,2022-09-28,20.4,16.1,26.1
20220929,3,30424,4819.0,276.0,0.0,0.0,0.0,2819.0,1625.0,844.0,3860.0,384.0,2022-09-29,20.4,16.4,26.5
20220930,4,30792,5434.0,265.0,0.0,0.0,0.0,2984.0,1826.0,958.0,4552.0,360.0,2022-09-30,20.7,14.8,27.7
20221001,5,30439,6236.0,314.0,0.0,0.0,0.0,2786.0,1822.0,888.0,4118.0,379.0,2022-10-01,20.9,14.4,27.6
20221002,6,25059,4541.0,294.0,0.0,0.0,0.0,2525.0,1679.0,827.0,3254.0,353.0,2022-10-02,19.4,17.2,21.6
20221003,0,26260,3850.0,288.0,0.0,0.0,0.0,2498.0,1514.0,744.0,3418.0,313.0,2022-10-03,21.4,17.5,23.4
20221004,1,37430,6636.0,531.0,0.0,0.0,0.0,3123.0,2169.0,957.0,4399.0,355.0,2022-10-04,17.9,14.2,23.0
20221005,2,34066,6156.0,524.0,0.0,0.0,0.0,3297.0,2105.0,1068.0,4252.0,341.0,2022-10-05,16.6,14.1,21.6
20221006,3,30275,5317.0,596.0,0.0,0.0,0.0,3279.0,1870.0,958.0,4088.0,346.0,2022-10-06,15.8,12.7,19.1
20221007,4,30969,5580.0,659.0,0.0,0.0,0.0,3115.0,2134.0,1053.0,4338.0,326.0,2022-10-07,14.3,11.0,18.6
20221008,5,29596,4209.0,376.0,0.0,0.0,0.0,2592.0,1844.0,907.0,3616.0,286.0,2022-10-08,15.8,11.1,21.6
20221009,6,25237,3016.0,485.0,0.0,0.0,0.0,2580.0,1824.0,902.0,3347.0,340.0,2022-10-09,13.1,10.7,14.5
20221010,0,25101,3171.0,652.0,0.0,0.0,0.0,2960.0,2161.0,1081.0,3438.0,329.0,2022-10-10,9.9,8.2,11.9
20221011,1,30287,3878.0,1027.0,0.0,0.0,0.0,3334.0,2159.0,1024.0,4217.0,302.0,2022-10-11,11.1,7.4,16.4
20221012,2,28788,4161.0,837.0,0.0,0.0,0.0,3217.0,1987.0,916.0,3853.0,342.0,2022-10-12,13.5,6.5,20.6
20221013,3,29232,4214.0,705.0,0.0,0.0,0.0,3291.0,2278.0,873.0,3830.0,358.0,2022-10-13,16.3,10.7,22.7
20221014,4,27777,4733.0,799.0,0.0,0.0,0.0,1934.0,2055.0,899.0,4208.0,306.0,2022-10-14,17.1,12.4,23.0
20221015,5,15849,2078.0,302.0,0.0,0.0,0.0,1425.0,1115.0,479.0,2054.0,167.0,2022-10-15,18.2,12.6,24.4
20221016,6,11332,1055.0,135.0,0.0,0.0,0.0,1436.0,1444.0,462.0,1390.0,171.0,2022-10-16,16.9,15.1,20.5
20221017,0,33639,3642.0,817.0,0.0,1.0,0.0,3321.0,2753.0,920.0,3822.0,298.0,2022-10-17,11.2,7.4,15.1
20221018,1,27309,3598.0,866.0,0.0,0.0,0.0,3186.0,2339.0,858.0,3835.0,323.0,2022-10-18,9.4,5.0,14.2
20221019,2,31801,3736.0,868.0,0.0,0.0,0.0,3097.0,2007.0,927.0,3638.0,315.0,2022-10-19,10.5,4.4,16.8
20221020,3,33257,3811.0,732.0,0.0,1042.0,0.0,3113.0,1998.0,910.0,3930.0,301.0,2022-10-20,12.9,6.0,19.7
20221021,4,34278,4052.0,728.0,0.0,2009.0,0.0,3206.0,2058.0,922.0,4216.0,298.0,2022-10-21,14.0,8.8,20.9
20221022,5,32545,3350.0,450.0,0.0,2136.0,0.0,2612.0,1827.0,896.0,3410.0,248.0,2022-10-22,15.1,10.5,20.8
20221023,6,28645,2759.0,718.0,0.0,2067.0,0.0,2527.0,1776.0,939.0,3140.0,255.0,2022-10-23,14.0,10.4,18.6
20221024,0,38704,3582.0,899.0,617.0,3092.0,0.0,3278.0,2232.0,891.0,4131.0,251.0,2022-10-24,10.6,7.5,14.8
20221025,1,40089,3593.0,957.0,1067.0,2996.0,0.0,2892.0,1964.0,844.0,4330.0,267.0,2022-10-25,11.3,5.9,17.6
20221026,2,35467,3697.0,845.0,1140.0,3390.0,0.0,3163.0,2029.0,757.0,4021.0,234.0,2022-10-26,12.9,8.0,17.8
20221027,3,34176,3549.0,732.0,1232.0,3183.0,0.0,3186.0,1923.0,911.0,4015.0,256.0,2022-10-27,13.2,8.6,18.9
20221028,4,36904,3796.0,777.0,1314.0,3797.0,0.0,3219.0,1845.0,962.0,4132.0,215.0,2022-10-28,13.6,8.2,20.6
20221029,5,30742,2925.0,569.0,1190.0,2694.0,0.0,2698.0,1611.0,772.0,3490.0,231.0,2022-10-29,14.8,10.2,21.3
20221030,6,31776,2705.0,527.0,1003.0,2528.0,0.0,2629.0,1735.0,778.0,3118.0,254.0,2022-10-30,14.9,10.4,21.3
20221031,0,40105,3775.0,912.0,1245.0,2752.0,0.0,3232.0,1840.0,873.0,4265.0,204.0,2022-10-31,14.9,11.2,21.1
20221101,1,42988,3930.0,947.0,1522.0,3439.0,0.0,3291.0,2093.0,911.0,4734.0,206.0,2022-11-01,13.1,9.4,17.8
20221102,2,37616,3713.0,921.0,1455.0,3308.0,0.0,3141.0,2100.0,910.0,4045.0,205.0,2022-11-02,11.1,5.5,17.9
20221103,3,41444,3419.0,936.0,1527.0,3728.0,0.0,3128.0,2087.0,844.0,4023.0,233.0,2022-11-03,9.3,5.6,13.4
20221104,4,38301,3254.0,1237.0,1579.0,3682.0,0.0,3454.0,2063.0,891.0,4244.0,188.0,2022-11-04,4.9,1.6,9.8
20221105,5,35485,2612.0,719.0,1346.0,3335.0,0.0,2959.0,1965.0,807.0,3644.0,180.0,2022-11-05,6.5,0.8,13.6
20221106,6,32529,2364.0,572.0,1110.0,2675.0,0.0,2532.0,1937.0,682.0,3300.0,172.0,2022-11-06,9.6,3.7,16.4
20221107,0,39979,3492.0,1047.0,0.0,3503.0,0.0,3451.0,2330.0,863.0,4130.0,222.0,2022-11-07,11.4,6.1,16.6
20221108,1,34157,3541.0,977.0,0.0,3643.0,0.0,3336.0,2355.0,802.0,3892.0,222.0,2022-11-08,12.9,9.7,17.9
20221109,2,33272,3120.0,961.0,0.0,3761.0,0.0,3280.0,2143.0,725.0,3850.0,243.0,2022-11-09,11.4,6.7,16.0
20221110,3,38556,3513.0,904.0,0.0,4017.0,0.0,3264.0,2217.0,737.0,4318.0,308.0,2022-11-10,13.5,8.8,19.1
20221111,4,55732,7763.0,1327.0,0.0,5243.0,0.0,3732.0,3049.0,1413.0,5009.0,899.0,2022-11-11,15.6,10.9,22.1
20221112,5,30496,2906.0,582.0,0.0,3308.0,0.0,2493.0,2365.0,672.0,3733.0,337.0,2022-11-12,16.3,11.6,22.0
20221113,6,27864,2339.0,784.0,0.0,2902.0,0.0,2666.0,2175.0,639.0,3227.0,249.0,2022-11-13,10.3,8.7,17.3
20221114,0,41337,3273.0,1129.0,883.0,4036.0,0.0,2967.0,2635.0,828.0,4438.0,275.0,2022-11-14,9.7,5.9,13.8
20221115,1,42724,3094.0,1194.0,1296.0,4796.0,0.0,3002.0,2500.0,972.0,4695.0,249.0,2022-11-15,8.1,4.0,12.3
20221116,2,43779,3221.0,1038.0,1744.0,6014.0,0.0,2999.0,2805.0,1092.0,5089.0,320.0,2022-11-16,8.5,5.5,13.0
20221117,3,40136,3424.0,909.0,1695.0,4534.0,0.0,3200.0,2558.0,989.0,4496.0,248.0,2022-11-17,10.2,5.4,16.6
20221118,4,40181,3044.0,956.0,1464.0,3635.0,0.0,3561.0,2364.0,882.0,4566.0,240.0,2022-11-18,11.0,5.3,18.1
20221119,5,32315,2329.0,516.0,1340.0,3110.0,0.0,2531.0,1932.0,756.0,3602.0,205.0,2022-11-19,12.9,8.7,19.2
20221120,6,30539,2230.0,528.0,1160.0,2706.0,0.0,2567.0,2350.0,726.0,3271.0,204.0,2022-11-20,13.7,9.5,20.2
20221121,0,36086,3057.0,735.0,1511.0,3176.0,0.0,3042.0,2277.0,970.0,4011.0,214.0,2022-11-21,11.8,9.3,16.2
20221122,1,37962,3050.0,694.0,1557.0,3358.0,0.0,3095.0,2183.0,1006.0,3833.0,205.0,2022-11-22,10.7,7.0,13.7
20221123,2,39088,3006.0,769.0,1520.0,3113.0,0.0,2812.0,1954.0,2811.0,3755.0,203.0,2022-11-23,10.8,6.8,15.2
20221124,3,34454,2857.0,748.0,1703.0,3485.0,0.0,2888.0,1712.0,1728.0,3621.0,189.0,2022-11-24,9.4,5.9,14.1
20221125,4,42097,3202.0,804.0,1862.0,3992.0,0.0,2895.0,1876.0,982.0,4422.0,204.0,2022-11-25,12.3,7.1,17.8
20221126,5,34416,2109.0,672.0,1578.0,3100.0,0.0,2503.0,1744.0,831.0,3659.0,193.0,2022-11-26,6.7,1.0,12.9
20221127,6,32465,2136.0,559.0,1239.0,2677.0,0.0,2348.0,1974.0,814.0,3235.0,189.0,2022-11-27,5.4,-1.1,11.5
20221128,0,28339,2813.0,823.0,1496.0,0.0,0.0,2760.0,2077.0,908.0,3988.0,209.0,2022-11-28,12.3,7.5,15.0
20221129,1,26265,2276.0,962.0,1406.0,0.0,0.0,2708.0,2048.0,849.0,3678.0,194.0,2022-11-29,6.9,-1.6,15.0
20221130,2,30864,1988.0,1485.0,1384.0,0.0,0.0,2994.0,2583.0,868.0,4508.0,265.0,2022-11-30,-5.4,-8.1,-1.6
20221201,3,31497,2119.0,1326.0,1497.0,0.0,0.0,3149.0,2431.0,943.0,5003.0,286.0,2022-12-01,-5.4,-9.4,-1.2
20221202,4,29356,1939.0,1303.0,1452.0,0.0,0.0,2991.0,2492.0,848.0,4513.0,245.0,2022-12-02,-2.5,-7.6,3.0
20221203,5,27286,1644.0,881.0,1077.0,0.0,0.0,2466.0,1900.0,652.0,3602.0,181.0,2022-12-03,2.1,-0.3,7.0
20221204,6,20824,1406.0,739.0,888.0,0.0,0.0,2298.0,2018.0,647.0,3260.0,186.0,2022-12-04,-3.5,-5.2,-0.2
20221205,0,36329,1941.0,1363.0,1655.0,1756.0,0.0,2898.0,2335.0,823.0,4525.0,170.0,2022-12-05,-3.1,-7.0,1.9
20221206,1,34933,1735.0,1205.0,1414.0,2306.0,0.0,2663.0,2020.0,704.0,3968.0,158.0,2022-12-06,0.9,-3.9,5.3
20221207,2,38232,1952.0,1333.0,1399.0,3353.0,0.0,2934.0,2051.0,817.0,4012.0,183.0,2022-12-07,4.9,1.2,9.0
20221208,3,37758,1951.0,1136.0,1217.0,3424.0,0.0,2848.0,2102.0,752.0,4060.0,154.0,2022-12-08,3.7,0.1,9.1
20221209,4,36923,2121.0,1077.0,1234.0,3837.0,0.0,2971.0,2031.0,768.0,4433.0,176.0,2022-12-09,4.5,0.9,10.2
20221210,5,33708,1794.0,731.0,1101.0,3243.0,0.0,2393.0,1865.0,743.0,3892.0,138.0,2022-12-10,2.6,-0.6,6.7
20221211,6,27930,1476.0,896.0,1143.0,3022.0,0.0,120.0,2039.0,735.0,3355.0,145.0,2022-12-11,1.6,-1.5,6.8
20221212,0,32045,1951.0,1341.0,1912.0,0.0,0.0,1820.0,2218.0,842.0,4587.0,165.0,2022-12-12,2.0,-2.0,6.3
20221213,1,24242,1662.0,1284.0,259.0,0.0,0.0,2438.0,2089.0,1336.0,4229.0,171.0,2022-12-13,0.0,-6.4,3.1
20221214,2,26728,1367.0,1260.0,0.0,0.0,0.0,2548.0,2122.0,874.0,4267.0,170.0,2022-12-14,-8.4,-11.0,-4.9
20221215,3,28294,1381.0,1322.0,647.0,0.0,0.0,2743.0,2106.0,868.0,4599.0,204.0,2022-12-15,-4.5,-8.5,-1.3
20221216,4,28220,1446.0,1333.0,1038.0,0.0,0.0,2725.0,2087.0,843.0,4733.0,193.0,2022-12-16,-6.3,-9.6,-2.2
20221217,5,22156,1165.0,1030.0,967.0,0.0,0.0,2208.0,1901.0,710.0,4030.0,163.0,2022-12-17,-7.0,-9.8,-3.2
20221218,6,21367,995.0,1073.0,829.0,0.0,0.0,2018.0,1951.0,731.0,3702.0,189.0,2022-12-18,-9.5,-12.4,-5.6
20221219,0,30437,1109.0,1760.0,1550.0,0.0,0.0,2584.0,2139.0,698.0,4454.0,200.0,2022-12-19,-7.0,-12.0,-2.5
20221220,1,32568,1135.0,1826.0,1663.0,0.0,0.0,2836.0,2177.0,699.0,4653.0,230.0,2022-12-20,-3.2,-9.5,2.9
20221221,2,33797,1055.0,1840.0,1818.0,1728.0,0.0,2771.0,2272.0,774.0,5107.0,238.0,2022-12-21,-0.1,-2.6,2.6
20221222,3,46550,1035.0,1693.0,2271.0,6490.0,0.0,2643.0,2367.0,926.0,5622.0,228.0,2022-12-22,-7.8,-11.3,-2.6
20221223,4,96718,1065.0,2568.0,7585.0,22231.0,0.0,3189.0,2555.0,1108.0,8726.0,319.0,2022-12-23,-11.8,-13.7,-8.6
20221224,5,119959,985.0,2358.0,11392.0,24568.0,0.0,2998.0,3019.0,1324.0,8989.0,423.0,2022-12-24,-8.4,-13.5,-2.0
20221225,6,61353,820.0,1576.0,3844.0,9101.0,0.0,2715.0,2604.0,1200.0,5921.0,363.0,2022-12-25,-5.4,-9.6,0.2
20221226,0,37622,987.0,1558.0,1692.0,3684.0,0.0,2768.0,2709.0,979.0,5432.0,203.0,2022-12-26,-3.9,-7.9,1.7
20221227,1,48047,908.0,1965.0,2075.0,5130.0,0.0,3289.0,2562.0,884.0,5641.0,210.0,2022-12-27,-2.6,-7.3,3.3
20221228,2,43168,973.0,1755.0,2245.0,5612.0,0.0,3313.0,2323.0,696.0,5843.0,202.0,2022-12-28,-3.3,-6.0,0.1
20221229,3,47311,1018.0,1859.0,2653.0,6404.0,0.0,3538.0,2166.0,731.0,6315.0,217.0,2022-12-29,-2.9,-7.8,2.1
20221230,4,72011,1315.0,2253.0,4311.0,9903.0,0.0,4186.0,2506.0,865.0,9408.0,210.0,2022-12-30,-1.8,-4.4,2.3
20221231,5,68703,1072.0,1905.0,3704.0,8167.0,0.0,5363.0,2381.0,1034.0,7382.0,221.0,2022-12-31,-1.2,-5.1,2.1
20230101,6,49904,1394.0,1989.0,2222.0,5068.0,0.0,6216.0,2737.0,1136.0,6391.0,267.0,2023-01-01,-0.2,-4.3,3.8
20230102,0,39568,998.0,2079.0,1525.0,4412.0,0.0,3652.0,2490.0,638.0,5762.0,185.0,2023-01-02,-4.5,-7.4,-0.4
20230103,1,40795,1082.0,1607.0,1624.0,4906.0,0.0,3900.0,2943.0,722.0,5649.0,231.0,2023-01-03,-5.0,-9.0,0.6
20230104,2,43619,1082.0,1730.0,1545.0,4857.0,0.0,3456.0,2596.0,809.0,5741.0,214.0,2023-01-04,-1.8,-5.7,3.3
20230105,3,45381,1268.0,1490.0,1481.0,5200.0,0.0,3737.0,2711.0,951.0,6111.0,205.0,2023-01-05,-1.6,-5.6,3.6
20230106,4,45696,1311.0,1395.0,1445.0,5212.0,0.0,3536.0,2305.0,1930.0,6211.0,210.0,2023-01-06,0.6,-4.7,5.7
20230107,5,37343,1178.0,973.0,987.0,3776.0,0.0,3012.0,2136.0,1615.0,4658.0,152.0,2023-01-07,1.5,-1.4,3.8
20230108,6,31883,1238.0,804.0,747.0,2943.0,0.0,2779.0,2055.0,1566.0,3791.0,180.0,2023-01-08,1.3,-3.7,6.3
20230109,0,46169,1579.0,1362.0,920.0,3617.0,0.0,3303.0,2157.0,4102.0,5435.0,157.0,2023-01-09,3.1,-1.3,7.0
20230110,1,39166,1397.0,953.0,745.0,3131.0,0.0,2418.0,1742.0,5034.0,4436.0,127.0,2023-01-10,1.6,-3.9,9.1
20230111,2,23743,893.0,520.0,449.0,1685.0,0.0,1663.0,1098.0,3468.0,3008.0,120.0,2023-01-11,2.6,-2.0,9.2
20230112,3,44088,1818.0,1044.0,937.0,4166.0,0.0,2937.0,2164.0,1805.0,6590.0,151.0,2023-01-12,5.9,-0.6,12.5
20230113,4,44648,2206.0,903.0,1175.0,4519.0,0.0,3321.0,1995.0,1646.0,7822.0,162.0,2023-01-13,8.3,5.1,10.1
20230114,5,34662,1853.0,789.0,881.0,3502.0,0.0,2698.0,1815.0,1402.0,6185.0,132.0,2023-01-14,6.6,3.8,8.4
20230115,6,41316,1708.0,711.0,770.0,3252.0,0.0,2746.0,2073.0,1417.0,5935.0,168.0,2023-01-15,-0.2,-3.5,3.8
20230116,0,61623,1993.0,1321.0,947.0,3984.0,0.0,4146.0,2254.0,1208.0,12790.0,153.0,2023-01-16,-4.6,-6.8,-1.2
20230117,1,60548,2160.0,1377.0,987.0,4182.0,0.0,4911.0,2235.0,1146.0,15713.0,196.0,2023-01-17,-3.7,-7.0,-0.4
20230118,2,85289,2196.0,1190.0,1137.0,4904.0,0.0,5318.0,2008.0,1227.0,21676.0,199.0,2023-01-18,-1.9,-4.6,2.2
20230119,3,105933,2552.0,1434.0,1292.0,4885.0,0.0,6014.0,2058.0,1412.0,32105.0,176.0,2023-01-19,-0.4,-6.0,4.3
20230120,4,182941,2781.0,1891.0,1695.0,6270.0,0.0,8138.0,2394.0,1643.0,58168.0,175.0,2023-01-20,-3.3,-7.7,2.0
20230121,5,88664,1796.0,1210.0,1127.0,3248.0,0.0,5996.0,1993.0,1327.0,25332.0,192.0,2023-01-21,-4.5,-10.5,1.5
20230122,6,53088,1548.0,639.0,815.0,2795.0,0.0,5043.0,2049.0,1246.0,13324.0,191.0,2023-01-22,-0.6,-2.8,2.6
20230123,0,33557,1340.0,656.0,715.0,2593.0,0.0,2424.0,1952.0,1176.0,6051.0,214.0,2023-01-23,-0.8,-6.9,4.6
20230124,1,35916,1351.0,662.0,578.0,2600.0,0.0,3855.0,2056.0,1154.0,4990.0,189.0,2023-01-24,-14.7,-17.0,-6.9
20230125,2,37872,1936.0,1325.0,735.0,3359.0,0.0,3922.0,2307.0,1282.0,5732.0,211.0,2023-01-25,-11.3,-17.3,-5.4
20230126,3,38156,1886.0,1360.0,845.0,3913.0,0.0,3991.0,2486.0,1278.0,4954.0,252.0,2023-01-26,-6.0,-9.0,-3.5
20230127,4,46718,2008.0,1286.0,954.0,4539.0,0.0,3868.0,2430.0,1213.0,5087.0,244.0,2023-01-27,-7.3,-9.6,-3.8
20230128,5,31188,1641.0,842.0,821.0,3206.0,0.0,3105.0,2042.0,1084.0,3829.0,198.0,2023-01-28,-6.0,-11.2,-0.6
20230129,6,30783,1554.0,715.0,640.0,2619.0,0.0,3078.0,2237.0,1108.0,3391.0,205.0,2023-01-29,-1.8,-8.0,4.9
20230130,0,38123,2207.0,936.0,800.0,3752.0,0.0,3822.0,2441.0,1203.0,4440.0,255.0,2023-01-30,-0.9,-4.4,4.2
20230131,1,38855,2525.0,1053.0,889.0,3647.0,0.0,4024.0,2327.0,1269.0,4946.0,210.0,2023-01-31,2.4,-3.5,7.8
20230201,2,42204,2629.0,1018.0,907.0,4404.0,0.0,4129.0,2298.0,1404.0,5413.0,247.0,2023-02-01,0.9,-3.0,6.0
20230202,3,47630,2581.0,889.0,997.0,4433.0,599.0,4097.0,2408.0,1320.0,4914.0,229.0,2023-02-02,-2.4,-5.1,1.4
20230203,4,52725,2899.0,939.0,963.0,4342.0,1847.0,4299.0,2533.0,1333.0,5269.0,214.0,2023-02-03,-1.6,-3.9,3.4
20230204,5,38354,2235.0,568.0,781.0,3756.0,2345.0,3423.0,2092.0,1154.0,4289.0,202.0,2023-02-04,-0.2,-5.2,6.0
20230205,6,43419,2101.0,545.0,757.0,3162.0,2196.0,3309.0,2254.0,1237.0,3956.0,219.0,2023-02-05,1.7,-3.3,7.1
20230206,0,47807,2913.0,841.0,778.0,3637.0,2433.0,3160.0,2357.0,1198.0,4794.0,229.0,2023-02-06,3.0,-1.7,8.8
20230207,1,50150,3165.0,735.0,822.0,4047.0,2759.0,4383.0,2467.0,1300.0,4960.0,189.0,2023-02-07,3.5,-0.6,9.5
20230208,2,49730,2996.0,733.0,924.0,4337.0,2725.0,4204.0,2448.0,1380.0,4904.0,214.0,2023-02-08,2.1,-1.3,7.8
20230209,3,48563,2998.0,669.0,958.0,4206.0,2841.0,3882.0,2306.0,1307.0,5147.0,213.0,2023-02-09,4.0,-2.8,9.9
20230210,4,55505,3357.0,851.0,1173.0,5107.0,3380.0,4346.0,2396.0,1434.0,6041.0,234.0,2023-02-10,3.8,1.1,6.2
20230211,5,39979,2365.0,653.0,790.0,3418.0,2225.0,3535.0,2082.0,1013.0,4322.0,205.0,2023-02-11,2.8,-1.2,8.5
20230212,6,34281,2101.0,523.0,803.0,2840.0,1906.0,3519.0,2201.0,1035.0,3907.0,210.0,2023-02-12,3.7,-0.9,7.6
20230213,0,46306,2976.0,626.0,877.0,3733.0,2634.0,4385.0,2449.0,1347.0,5044.0,301.0,2023-02-13,5.9,2.7,8.4
20230214,1,59288,3775.0,835.0,1052.0,4977.0,3281.0,5733.0,2913.0,1944.0,5463.0,588.0,2023-02-14,1.7,-2.5,6.6
20230215,2,57039,3435.0,742.0,1271.0,3911.0,3081.0,4615.0,2490.0,1360.0,5299.0,203.0,2023-02-15,3.2,-1.2,8.9
20230216,3,47968,3382.0,731.0,1407.0,4085.0,3059.0,4514.0,2484.0,1604.0,5200.0,183.0,2023-02-16,2.3,-0.7,4.5
20230217,4,58697,3577.0,714.0,1766.0,4284.0,3179.0,4452.0,2622.0,1564.0,5882.0,180.0,2023-02-17,3.4,-1.5,9.8
20230218,5,46656,2667.0,450.0,1462.0,3502.0,2723.0,3627.0,2217.0,1229.0,4598.0,174.0,2023-02-18,5.7,3.0,8.1
20230219,6,41094,2412.0,337.0,1235.0,2827.0,2275.0,3508.0,2141.0,1100.0,3940.0,174.0,2023-02-19,3.5,0.2,6.1
20230220,0,51263,3651.0,780.0,1514.0,4108.0,3104.0,4450.0,2347.0,1391.0,5453.0,183.0,2023-02-20,-0.5,-3.5,2.4
20230221,1,59153,3455.0,711.0,1658.0,3944.0,2890.0,4501.0,2266.0,1482.0,5815.0,166.0,2023-02-21,-1.3,-5.3,4.8
20230222,2,63076,3662.0,620.0,1778.0,4488.0,3048.0,4532.0,2567.0,1492.0,6277.0,207.0,2023-02-22,1.2,-4.5,8.4
20230223,3,59088,3917.0,625.0,1699.0,4271.0,3025.0,4308.0,2291.0,1478.0,6083.0,175.0,2023-02-23,2.9,-1.8,9.2
20230224,4,58306,3983.0,545.0,1788.0,4994.0,3188.0,4698.0,2436.0,1518.0,7049.0,169.0,2023-02-24,3.5,-0.4,8.5
20230225,5,52048,3082.0,417.0,1535.0,3795.0,2855.0,4116.0,2151.0,1196.0,5242.0,162.0,2023-02-25,0.7,-2.9,5.7
20230226,6,44631,2749.0,375.0,1158.0,2859.0,2138.0,3768.0,2142.0,1105.0,4357.0,205.0,2023-02-26,2.2,-3.4,9.4
20230227,0,50349,4249.0,526.0,1502.0,3993.0,2975.0,4764.0,2169.0,1453.0,6130.0,211.0,2023-02-27,4.4,-1.8,12.4
20230228,1,63590,4809.0,541.0,2072.0,5419.0,3956.0,5635.0,2629.0,1627.0,8021.0,231.0,2023-02-28,4.3,-0.7,8.7
20230301,2,48960,3001.0,398.0,1576.0,4149.0,3146.0,4050.0,2115.0,1455.0,6520.0,199.0,2023-03-01,6.0,2.9,9.0
20230302,3,63933,4271.0,593.0,1592.0,4339.0,2830.0,4479.0,2240.0,1297.0,7761.0,197.0,2023-03-02,2.2,-1.8,6.6
20230303,4,53947,4497.0,495.0,1617.0,4737.0,3345.0,4355.0,2356.0,1207.0,6186.0,209.0,2023-03-03,4.6,-1.9,10.4
20230304,5,43820,3102.0,295.0,1209.0,3379.0,2501.0,3583.0,2031.0,1093.0,4529.0,188.0,2023-03-04,7.7,3.7,14.1
20230305,6,39308,3005.0,224.0,1049.0,2809.0,2106.0,3507.0,1996.0,1025.0,3721.0,212.0,2023-03-05,8.0,2.5,15.4
20230306,0,53473,4375.0,356.0,1268.0,3340.0,2564.0,4261.0,2031.0,1160.0,4772.0,179.0,2023-03-06,9.2,2.2,16.5
20230307,1,49599,4577.0,350.0,1462.0,3425.0,2762.0,4566.0,2071.0,1146.0,4562.0,129.0,2023-03-07,11.7,6.3,19.4
20230308,2,49892,4453.0,318.0,1569.0,3432.0,2624.0,4382.0,2079.0,1088.0,4388.0,124.0,2023-03-08,12.5,7.4,17.7
20230309,3,48035,4355.0,345.0,1462.0,3454.0,2441.0,4372.0,1940.0,1045.0,4234.0,132.0,2023-03-09,10.3,7.4,13.1
20230310,4,49638,5086.0,266.0,2203.0,4056.0,2894.0,4643.0,2018.0,1082.0,5191.0,138.0,2023-03-10,13.5,6.2,22.2
20230311,5,42457,3519.0,123.0,2246.0,3014.0,2142.0,3529.0,1824.0,1075.0,3840.0,131.0,2023-03-11,15.2,10.2,22.8
20230312,6,31221,2675.0,216.0,0.0,2404.0,1793.0,3258.0,1985.0,1020.0,3308.0,127.0,2023-03-12,5.9,0.6,12.6
20230313,0,42212,4352.0,311.0,0.0,3230.0,2524.0,4014.0,2250.0,1371.0,4442.0,201.0,2023-03-13,2.9,-1.9,7.6
20230314,1,57354,5779.0,303.0,0.0,4460.0,3243.0,5181.0,3118.0,3286.0,4890.0,576.0,2023-03-14,9.2,3.3,15.4
20230315,2,45912,4788.0,288.0,0.0,3690.0,3020.0,4486.0,2356.0,1494.0,4395.0,167.0,2023-03-15,8.6,3.5,14.4
20230316,3,49194,4477.0,320.0,0.0,3417.0,2661.0,4481.0,2202.0,1122.0,4192.0,116.0,2023-03-16,4.6,0.4,9.0
20230317,4,54043,4658.0,301.0,0.0,4064.0,2899.0,4629.0,2284.0,1036.0,4548.0,146.0,2023-03-17,7.2,0.7,12.7
20230318,5,36800,3477.0,144.0,677.0,3193.0,2237.0,3515.0,2016.0,899.0,3731.0,111.0,2023-03-18,7.7,2.5,14.0
20230319,6,34943,3198.0,163.0,1204.0,2690.0,1781.0,3350.0,2117.0,939.0,3246.0,99.0,2023-03-19,8.3,2.3,15.2
20230320,0,47757,5252.0,209.0,2111.0,3182.0,2475.0,4391.0,2142.0,1074.0,4458.0,109.0,2023-03-20,9.5,2.6,17.1
20230321,1,40912,4874.0,167.0,1740.0,2948.0,1765.0,4218.0,2046.0,878.0,3995.0,98.0,2023-03-21,13.0,5.0,22.2
20230322,2,45951,5154.0,170.0,1713.0,2662.0,1359.0,4160.0,1909.0,871.0,3558.0,119.0,2023-03-22,17.0,9.2,25.1
20230323,3,39479,4684.0,184.0,1729.0,2887.0,1660.0,4080.0,1835.0,933.0,3605.0,95.0,2023-03-23,17.4,12.3,23.3
20230324,4,42992,5090.0,156.0,1977.0,3073.0,1780.0,4289.0,1977.0,954.0,4235.0,91.0,2023-03-24,12.5,7.6,18.3
20230325,5,37090,3519.0,100.0,1717.0,2640.0,1614.0,3363.0,1715.0,847.0,3518.0,86.0,2023-03-25,12.5,8.0,18.7
20230326,6,33570,3283.0,167.0,1470.0,2096.0,1141.0,3345.0,1652.0,761.0,2934.0,106.0,2023-03-26,9.4,4.7,14.0
20230327,0,48996,4817.0,162.0,1824.0,2881.0,1535.0,4042.0,1994.0,895.0,4010.0,111.0,2023-03-27,7.3,1.9,14.5
20230328,1,48895,5095.0,215.0,1978.0,3002.0,1484.0,4209.0,1815.0,956.0,3765.0,118.0,2023-03-28,9.2,2.8,15.7
20230329,2,41684,5329.0,138.0,1844.0,2772.0,1518.0,4077.0,1782.0,774.0,3610.0,95.0,2023-03-29,11.8,5.1,19.7
20230330,3,42962,5597.0,107.0,2524.0,2899.0,1668.0,4206.0,1801.0,768.0,3941.0,95.0,2023-03-30,13.3,6.4,21.2
20230331,4,58997,6435.0,112.0,3254.0,3366.0,1585.0,4334.0,1898.0,834.0,4877.0,122.0,2023-03-31,15.0,7.5,23.9
20230401,5,44433,4725.0,61.0,3397.0,3068.0,1699.0,3876.0,1832.0,901.0,3946.0,130.0,2023-04-01,17.5,9.4,25.6
20230402,6,40048,4050.0,60.0,2503.0,2119.0,1193.0,3379.0,1779.0,872.0,3192.0,107.0,2023-04-02,18.8,11.9,25.2
20230403,0,51285,6203.0,88.0,3170.0,2803.0,1670.0,4554.0,1985.0,902.0,4402.0,125.0,2023-04-03,19.0,11.3,25.9
20230404,1,45657,5616.0,96.0,2779.0,2693.0,1536.0,4284.0,1783.0,851.0,3808.0,89.0,2023-04-04,17.6,12.7,21.7
20230405,2,51100,5104.0,224.0,3198.0,3152.0,2059.0,4186.0,1711.0,873.0,4194.0,105.0,2023-04-05,11.9,8.7,14.9
20230406,3,51075,5138.0,157.0,2760.0,2830.0,1663.0,4237.0,1972.0,897.0,3895.0,97.0,2023-04-06,8.8,7.4,9.7
20230407,4,49779,5462.0,171.0,3143.0,3167.0,1698.0,4366.0,1781.0,963.0,4290.0,100.0,2023-04-07,8.9,4.6,15.7
20230408,5,38313,4201.0,85.0,2650.0,2473.0,1411.0,3502.0,1532.0,758.0,3462.0,91.0,2023-04-08,8.8,3.1,14.9
20230409,6,34849,3645.0,70.0,2399.0,2045.0,1133.0,3332.0,1688.0,752.0,2993.0,94.0,2023-04-09,10.8,3.5,17.8
20230410,0,45791,5772.0,138.0,2981.0,2591.0,1685.0,4384.0,2099.0,994.0,4397.0,119.0,2023-04-10,13.2,6.2,19.1
20230411,1,43948,5028.0,155.0,2658.0,2690.0,1537.0,4241.0,1919.0,845.0,3933.0,125.0,2023-04-11,13.1,9.2,17.4
20230412,2,46887,5377.0,117.0,2794.0,2498.0,1503.0,3938.0,1928.0,835.0,3880.0,114.0,2023-04-12,10.1,4.8,15.3
20230413,3,42238,4908.0,129.0,2943.0,2663.0,1522.0,4363.0,1820.0,882.0,3888.0,90.0,2023-04-13,11.9,5.1,17.2
20230414,4,51229,5130.0,141.0,3192.0,2985.0,1651.0,4018.0,1815.0,910.0,4209.0,114.0,2023-04-14,16.2,11.9,21.3
20230415,5,37758,3319.0,113.0,2660.0,2661.0,1474.0,3740.0,1767.0,734.0,3737.0,95.0,2023-04-15,13.5,9.3,16.6
20230416,6,35000,3156.0,74.0,2179.0,2014.0,1134.0,3400.0,1748.0,733.0,3119.0,120.0,2023-04-16,10.8,7.5,16.1
20230417,0,42704,4872.0,95.0,2921.0,2481.0,1660.0,4437.0,1886.0,837.0,4160.0,115.0,2023-04-17,13.1,6.8,18.1
20230418,1,44953,4168.0,216.0,2859.0,2574.0,1605.0,4368.0,1724.0,792.0,3822.0,126.0,2023-04-18,14.0,10.7,18.4
20230419,2,53974,5139.0,102.0,3419.0,3012.0,1817.0,4422.0,1741.0,860.0,3913.0,109.0,2023-04-19,19.1,11.5,28.4
20230420,3,56825,4870.0,112.0,4162.0,3834.0,2578.0,4817.0,1623.0,856.0,4351.0,117.0,2023-04-20,15.8,14.5,18.9
20230421,4,58803,5227.0,105.0,4101.0,3452.0,2477.0,4411.0,1802.0,918.0,4608.0,123.0,2023-04-21,16.7,11.4,22.8
20230422,5,42473,3598.0,58.0,3932.0,2757.0,2386.0,3779.0,1473.0,794.0,3950.0,108.0,2023-04-22,16.9,12.2,22.5
20230423,6,40210,3318.0,57.0,3060.0,2232.0,1854.0,3514.0,1521.0,765.0,3280.0,110.0,2023-04-23,16.1,10.7,22.1
20230424,0,46585,4639.0,88.0,3676.0,3061.0,2417.0,4272.0,1761.0,848.0,4429.0,127.0,2023-04-24,15.8,11.5,21.3
20230425,1,48319,4256.0,180.0,3605.0,3258.0,2531.0,4461.0,1702.0,844.0,4690.0,175.0,2023-04-25,10.9,9.0,13.2
20230426,2,52456,4630.0,184.0,3757.0,3189.0,2474.0,4215.0,1651.0,878.0,4618.0,118.0,2023-04-26,10.2,7.4,13.5
20230427,3,56438,4851.0,141.0,4081.0,3170.0,2435.0,4282.0,2115.0,817.0,4623.0,107.0,2023-04-27,12.9,5.1,20.0
20230428,4,53668,5674.0,117.0,4612.0,3755.0,2673.0,4358.0,1852.0,942.0,5376.0,129.0,2023-04-28,15.7,9.0,21.3
20230429,5,39609,3283.0,184.0,3183.0,2760.0,2233.0,3402.0,1625.0,826.0,3903.0,128.0,2023-04-29,13.2,9.9,15.8
20230430,6,41830,3408.0,75.0,3179.0,2466.0,1809.0,3261.0,1670.0,885.0,3645.0,107.0,2023-04-30,12.7,7.9,17.9
20230501,0,47668,4354.0,89.0,4537.0,2988.0,2353.0,3761.0,1693.0,1078.0,4919.0,135.0,2023-05-01,14.6,9.8,20.8
20230502,1,58542,5194.0,86.0,5314.0,3548.0,2758.0,4490.0,2022.0,1220.0,5717.0,142.0,2023-05-02,16.7,9.1,23.7
20230503,2,68053,4845.0,74.0,6123.0,3894.0,2894.0,4354.0,1894.0,1147.0,5828.0,164.0,2023-05-03,19.5,12.4,26.2
20230504,3,89990,4953.0,118.0,12980.0,5070.0,4304.0,4463.0,1846.0,2189.0,8866.0,206.0,2023-05-04,21.4,15.6,25.8
20230505,4,78424,2866.0,79.0,13011.0,4113.0,4074.0,3378.0,1446.0,1338.0,8542.0,365.0,2023-05-05,18.4,15.5,21.6
20230506,5,41179,2615.0,203.0,3463.0,2763.0,2353.0,3405.0,1810.0,1116.0,4523.0,129.0,2023-05-06,12.6,11.7,15.5
20230507,6,41790,2776.0,85.0,3176.0,2444.0,2200.0,3596.0,1785.0,1149.0,4681.0,103.0,2023-05-07,14.4,11.1,18.6
20230508,0,82902,5684.0,236.0,4747.0,3464.0,3366.0,7232.0,2074.0,1447.0,10741.0,114.0,2023-05-08,15.3,7.9,22.0
20230509,1,57111,4364.0,94.0,4381.0,2921.0,2438.0,4169.0,1889.0,1099.0,4738.0,105.0,2023-05-09,17.0,10.0,24.4
20230510,2,58699,4942.0,68.0,4085.0,3344.0,2612.0,4596.0,1898.0,1147.0,5151.0,109.0,2023-05-10,18.4,10.7,26.0
20230511,3,51836,4881.0,51.0,3942.0,3192.0,2379.0,4214.0,1592.0,984.0,4851.0,94.0,2023-05-11,19.5,12.8,26.7
20230512,4,54077,5040.0,83.0,4496.0,3332.0,2679.0,4452.0,1646.0,1050.0,5597.0,87.0,2023-05-12,18.4,13.1,24.7
20230513,5,49487,3418.0,84.0,3669.0,2741.0,2174.0,3462.0,1511.0,1015.0,4754.0,83.0,2023-05-13,17.8,12.6,23.9
20230514,6,46497,3545.0,42.0,3156.0,2260.0,1946.0,3510.0,1569.0,937.0,4879.0,89.0,2023-05-14,18.1,12.9,23.8
20230515,0,145307,9752.0,123.0,7457.0,5496.0,4468.0,13127.0,3428.0,2983.0,19078.0,137.0,2023-05-15,20.6,12.8,27.9
20230516,1,58284,5660.0,30.0,5055.0,3226.0,2300.0,4941.0,1715.0,1060.0,5063.0,92.0,2023-05-16,24.0,17.2,31.2
20230517,2,54951,5420.0,39.0,4688.0,2955.0,2251.0,4218.0,1459.0,907.0,4373.0,109.0,2023-05-17,23.5,18.6,28.7
20230518,3,45909,4370.0,63.0,4066.0,3068.0,2256.0,4106.0,1383.0,945.0,4068.0,95.0,2023-05-18,21.2,18.8,27.6
20230519,4,49648,4981.0,44.0,4414.0,3004.0,1835.0,3776.0,1517.0,869.0,4308.0,76.0,2023-05-19,22.3,16.7,27.8
20230520,5,46729,3570.0,38.0,4529.0,2745.0,2118.0,3418.0,1468.0,923.0,3806.0,69.0,2023-05-20,21.2,16.6,26.7
20230521,6,41535,3212.0,42.0,3498.0,2205.0,1609.0,3124.0,1520.0,847.0,3442.0,93.0,2023-05-21,17.8,15.3,21.9
20230522,0,55602,5224.0,73.0,4237.0,2945.0,2205.0,4083.0,1550.0,1009.0,4317.0,99.0,2023-05-22,20.3,15.9,26.8
20230523,1,50626,5269.0,46.0,4340.0,3064.0,2288.0,4102.0,1385.0,954.0,4285.0,97.0,2023-05-23,20.5,14.1,26.9
20230524,2,45776,4758.0,46.0,4229.0,2984.0,2048.0,4007.0,1273.0,943.0,4240.0,83.0,2023-05-24,20.6,14.8,25.9
20230525,3,55530,5341.0,47.0,4942.0,3195.0,2553.0,4413.0,1348.0,1177.0,4669.0,80.0,2023-05-25,21.2,15.7,27.4
20230526,4,60741,5598.0,54.0,5140.0,3644.0,2774.0,4459.0,1315.0,1978.0,5013.0,95.0,2023-05-26,21.4,15.8,27.3
20230527,5,44191,3274.0,52.0,4273.0,2907.0,2642.0,3469.0,1161.0,1805.0,3842.0,81.0,2023-05-27,19.3,18.6,20.7
20230528,6,37218,2977.0,38.0,3035.0,2275.0,1881.0,2971.0,1157.0,1619.0,3152.0,80.0,2023-05-28,19.2,18.4,20.2
20230529,0,43435,3652.0,58.0,3552.0,2205.0,1984.0,3073.0,1211.0,1014.0,3461.0,87.0,2023-05-29,23.2,19.0,28.5
20230530,1,50862,5116.0,58.0,4552.0,2829.0,2326.0,4066.0,1295.0,1002.0,4618.0,88.0,2023-05-30,24.0,20.5,28.9
20230531,2,53162,5460.0,39.0,4391.0,2965.0,2008.0,3462.0,1306.0,985.0,4863.0,80.0,2023-05-31,22.8,18.8,28.2
20230601,3,56723,6030.0,51.0,5111.0,3410.0,2512.0,3610.0,1375.0,1195.0,5261.0,93.0,2023-06-01,22.8,19.7,26.3
20230602,4,62216,6392.0,39.0,5381.0,3407.0,2304.0,3448.0,1351.0,1153.0,4739.0,66.0,2023-06-02,20.4,17.9,25.0
20230603,5,45888,4425.0,12.0,4989.0,2901.0,2031.0,2640.0,1106.0,940.0,3590.0,83.0,2023-06-03,22.0,16.6,27.8
20230604,6,37092,3706.0,21.0,3969.0,2120.0,1624.0,2477.0,1042.0,893.0,3185.0,83.0,2023-06-04,22.1,16.9,28.0
20230605,0,46679,5667.0,47.0,4860.0,2994.0,2100.0,3211.0,1221.0,1074.0,4397.0,77.0,2023-06-05,21.5,17.6,26.3
20230606,1,41127,3894.0,25.0,4252.0,2482.0,1690.0,2496.0,927.0,910.0,3214.0,75.0,2023-06-06,20.3,17.3,25.2
20230607,2,49498,5367.0,34.0,4604.0,2917.0,2052.0,3153.0,1272.0,1011.0,4263.0,76.0,2023-06-07,21.4,18.9,25.7
20230608,3,45750,5332.0,43.0,5074.0,2858.0,2151.0,3472.0,1202.0,1024.0,4184.0,77.0,2023-06-08,20.4,18.3,23.9
20230609,4,59177,6471.0,33.0,5658.0,3177.0,2177.0,3936.0,1279.0,1141.0,4781.0,74.0,2023-06-09,23.3,18.3,28.4
20230610,5,45083,4452.0,30.0,5219.0,2662.0,2006.0,3260.0,1199.0,947.0,3849.0,104.0,2023-06-10,23.2,19.6,28.5
20230611,6,36955,4009.0,14.0,4091.0,2066.0,1547.0,3025.0,1203.0,933.0,3332.0,85.0,2023-06-11,22.1,17.9,27.3
20230612,0,58368,,,,,,,,,,,2023-06-12,22.2,18.4,27.5
20230613,1,58055,,,,,,,,,,,2023-06-13,22.0,19.2,26.0
20230614,2,48855,,,,,,,,,,,2023-06-14,20.6,17.5,25.0
20230615,3,58473,,,,,,,,,,,2023-06-15,22.7,17.7,28.3
20230616,4,56638,,,,,,,,,,,2023-06-16,23.7,19.1,28.9
20230617,5,47958,,,,,,,,,,,2023-06-17,24.2,18.9,30.2
20230618,6,41583,,,,,,,,,,,2023-06-18,25.9,20.8,32.6
